uid,first_name,last_name,phone,country,address
9e0d572d-decc-4feb-9b60-c2689dee0804,Justin,Griffin,4-(509)872-0841,Niger,80 Grayhawk Trail
9205c64c-6e18-4cd5-956f-0be51e15a5f9,Marilyn,Gonzalez,5-(855)791-3565,Indonesia,207 Harper Alley
5a63cb69-4052-44da-921b-e5f90fe6afc1,Cynthia,Robinson,6-(583)344-5335,Ukraine,50 Acker Lane
dfb4d4d0-855d-4e35-b020-103563f55d37,Linda,Ryan,5-(414)156-3501,Philippines,268 Miller Point
6a510184-de29-4933-856f-9cadedc114eb,Craig,Lane,7-(996)809-7687,Kuwait,0 Crowley Pass
ca86fccf-1ec4-4ed3-9357-a356feda71ff,Daniel,Richardson,6-(107)969-6574,Germany,9 Dixon Center
cfbbf917-c7ca-4d67-9888-029163f8fa74,Bonnie,Alvarez,2-(038)592-5614,Malta,5330 1st Pass
69f49dad-32db-4370-a03f-47a20fd80eeb,Denise,Wagner,8-(778)801-1446,China,6 Di Loreto Terrace
a80f53c0-8490-43e8-995d-7d8ab0efd78b,Linda,Perez,6-(230)391-7331,Netherlands,6 Monica Point
4c31e5ac-626e-46c0-8e4b-b5a090a67c0d,Jennifer,Hayes,9-(298)302-2596,Sweden,32337 Comanche Center
5fe7c292-2337-48a2-8726-3f4c8b8b30c9,Helen,Nguyen,8-(746)342-6888,Czech Republic,955 Coleman Park
177ac979-2512-4793-827c-a1bf304ce935,Stephen,Harrison,3-(282)366-0189,Japan,9 Rockefeller Parkway
f9c8fc6a-de1a-4ebd-9036-c64fe54fd9ca,Juan,Alvarez,7-(412)845-7903,China,91 Lien Plaza
6fcd1a65-9e35-4569-8b99-7a7228bff31e,Virginia,Reid,9-(634)151-5102,Croatia,175 Mendota Plaza
baac4028-751a-46d2-acb7-e224d3f96588,Chris,Nelson,7-(660)024-3390,Poland,82965 Gateway Center
878e6edd-772e-483f-9071-29acfb9c2904,Ann,Harris,2-(770)483-3540,Sweden,4100 Coolidge Road
3b50550a-12f6-4194-b387-b58a31dbb1dc,Annie,Wilson,0-(677)471-9364,Greece,09860 1st Park
3e952aac-993e-4d62-905d-0ad4f5f7c1cd,Alice,Williams,9-(947)367-1430,Poland,7085 Banding Lane
87032170-d601-4523-a8f4-e99b3ffa1385,David,Reid,8-(979)922-7575,Portugal,7 Dryden Street
09aca5da-bed7-4763-8226-562005b51871,Joshua,Hansen,8-(767)738-6640,Brazil,9360 Russell Hill
9d2769a8-d763-46b6-a7f3-65225cff91c8,Katherine,Bryant,5-(148)754-7371,Poland,9162 Sommers Circle
8adac915-774a-409c-9104-7b9f68898b15,Lori,Burns,4-(500)898-9097,China,0928 Laurel Trail
78bdfded-124a-4b58-90ae-7287d0734466,Larry,Andrews,7-(933)444-3064,Venezuela,6 Jana Street
95d584ad-d4c3-4d3e-8393-0287caee3049,Samuel,Sims,3-(838)270-7906,China,963 Macpherson Way
e8b42751-5710-438b-8c8b-6504f08b8a1e,Matthew,Garza,0-(469)853-9376,Vietnam,3452 Vahlen Hill
2c27cdcc-d6b5-45b5-b39c-29b7316a944b,Angela,Robinson,9-(274)272-5278,China,05 Gina Center
2fe188a7-9326-4f87-8e1b-9d89b286dabb,Elizabeth,Sanders,8-(943)303-5527,Brazil,664 Tony Pass
298074ac-1edf-4ea1-b90d-d2bb6aa7935b,Jack,Sanchez,3-(316)425-5294,Thailand,5 Summer Ridge Plaza
5995f6ae-ea41-4213-ad23-872303b8c629,Nicole,Bennett,4-(355)954-9468,China,594 Knutson Place
fe5b5d06-dd2a-4aa6-b503-ebb98ba58a20,Sandra,Freeman,4-(141)150-6964,Ireland,2320 Eastlawn Street
f5705986-1023-4f4b-8c8f-56da0a7facbf,Louise,Scott,1-(565)086-7023,Portugal,4 Bunting Lane
4999c059-db13-4657-a1c9-74bc44fbd375,James,Robinson,5-(487)812-0849,Sweden,592 Corscot Park
20413402-a4a1-4bd4-822d-35cc3f11f66c,Marie,Green,2-(778)710-3124,Russia,288 Lake View Street
737a79e4-3ad0-42c0-96ea-f0bf265f9f11,Harry,Perry,4-(355)611-3254,Brazil,541 Sommers Drive
105aa501-1065-448e-bfc4-5639aabe8bdd,Kevin,Owens,0-(628)106-8060,Brazil,5476 David Drive
f7026d3d-bd27-4a7f-adce-137d08abc812,Heather,Cooper,7-(954)730-9439,Azerbaijan,27 Northwestern Hill
c2768a5f-0328-4873-ae4b-116bb3df70c8,John,Webb,6-(308)338-2372,Argentina,4 Russell Circle
28f55ce4-9257-454f-8c2c-163f5908b86e,Jean,Carroll,2-(802)011-7179,Croatia,0 Redwing Center
c2e8e417-57a2-4feb-a344-86f0372b6642,Anthony,Griffin,3-(964)476-2081,Colombia,50 Sage Junction
2fad28e4-ec4a-46ed-be8e-44c93fe3c98b,David,Stanley,0-(147)280-5459,Indonesia,451 Prentice Pass
1a82bcc5-de84-4453-b01c-60b672e80f24,Susan,Perkins,9-(484)350-9713,China,26495 Porter Point
ac8144cb-2623-4245-b109-2aa282dd5312,Roy,Johnston,4-(027)356-8641,China,62 Bayside Place
80d96aa9-2b0d-41ed-974b-768d60742d03,Johnny,Thompson,0-(630)720-9281,Indonesia,21638 Northland Pass
faced2ee-236c-4b67-8351-affd57098104,Marilyn,Morris,4-(600)623-6916,France,74 Morning Crossing
f77a25d2-9bd8-4092-aaa3-06bb7969056c,Ann,Lawson,6-(589)393-6479,Nigeria,06 Warner Crossing
a6316811-f540-47de-baff-9d87b89fcfe5,Jennifer,Cox,7-(812)175-7827,Cambodia,0093 Troy Alley
3f41b91a-247d-410b-a3ac-4d760554c6e3,Sharon,Fields,4-(400)358-4067,Indonesia,94 Superior Point
d84ffd09-cda2-4869-ba51-65b73ad5f42d,Lori,Ramirez,0-(592)988-7705,Indonesia,19 Commercial Road
4ea8bc5c-98b4-4fd6-a140-f92486233f67,Marie,Bryant,9-(864)358-3039,Peru,48 Cascade Drive
cb53c0d6-8196-4d68-bdd7-c3589269b3fe,Rebecca,Nelson,7-(825)896-8622,Nigeria,4 Kedzie Center
7c1be836-69b0-4315-ab59-ba84ab6ccfb1,Chris,Jones,9-(476)774-3237,China,65 Monica Circle
f090ef59-eccd-4c1b-b574-9b7588ced0e4,Andrea,Mcdonald,5-(610)909-5181,United States,6 Sunnyside Alley
7607a926-9a52-464e-a26f-f8a1305cbd65,Cheryl,Spencer,7-(084)203-1710,Poland,50095 Dottie Alley
e3253dc0-482b-46fd-a23a-3e5677dbfc84,Timothy,Smith,1-(537)072-4769,Cuba,4 Valley Edge Park
d3f74239-0d26-4cef-92c5-86558d7426cb,Evelyn,Mcdonald,8-(041)649-1994,Mexico,9723 Dunning Alley
d95574ec-b2b6-4991-bd03-8437acf51cdb,Lawrence,Welch,7-(142)999-2648,Indonesia,88699 Schlimgen Pass
49b6393d-2304-42a9-ae34-05058c6f2076,Denise,Sims,0-(481)468-5469,Estonia,939 Dixon Crossing
e022ec04-29ae-4ea9-9922-1ebdacec8485,Sean,Sims,3-(712)196-5523,China,162 Clyde Gallagher Court
3c22d181-18fc-4292-a489-ae20ad39b3a6,Aaron,Hamilton,0-(916)661-5255,Brazil,616 Garrison Drive
e643c1b8-3d03-45d7-8c8c-9b7bfba0f8c2,Daniel,Rose,4-(502)622-8449,Philippines,7 Linden Avenue
db54b44b-06c7-4ef9-b652-810405d7d90d,Sarah,Allen,5-(015)652-4636,Russia,7300 Rusk Court
975559ed-0d08-4dbb-9055-a2b5b5609a57,Sara,Ray,7-(508)230-0318,Portugal,88070 Morrow Hill
fcb1f3c6-25a3-4688-ab08-d5d8af80b2dd,Kimberly,Harrison,2-(613)848-6395,China,166 Cody Terrace
4551e768-c54d-4bc3-899d-5d06db2cbd39,Mark,Carroll,5-(178)929-1274,Czech Republic,7 Bartelt Court
a4d0e0a3-8deb-4aac-980e-b80fc7c7b6ae,Jason,Carpenter,8-(636)831-6561,Czech Republic,40367 Golf View Junction
c041aeaf-6ee1-4230-b9fa-59bfa6614e28,Ashley,Montgomery,3-(082)332-4284,Poland,455 Mandrake Center
a3a5bbd9-e541-4f5a-adfb-c9a3da6d6a51,Russell,Russell,3-(591)007-5257,Czech Republic,3195 Aberg Court
83000699-f8d5-4466-af39-cdf309a2a4d2,Roger,Turner,3-(011)424-6778,Indonesia,0504 Onsgard Court
41eb2218-8dab-42fa-8b89-93afb8d06a45,Rose,Meyer,6-(429)587-7343,China,0814 Shasta Street
4eab94dc-a439-4a1f-9135-79c392b98690,Russell,Richardson,5-(674)670-9058,Indonesia,54000 Sunnyside Place
183caa65-a3d6-46c4-8002-539eebc686ab,Charles,Adams,6-(810)216-0626,Indonesia,19 South Court
d2d4a0ab-f74d-4a4e-8f97-6307b33991d3,Stephanie,Stephens,0-(393)106-1731,Russia,884 Nevada Lane
b1448dee-9e54-4202-a174-41f03032f45b,Patrick,Ward,2-(508)360-5503,China,8 Haas Drive
53ab0e89-78c2-4914-9dfd-6242aa5039dd,Mark,Ellis,1-(100)808-4768,France,24927 Heffernan Center
a3e6fb56-ff3d-43f4-8e35-8b1507352ecc,Phyllis,Hudson,9-(344)699-0866,Philippines,61804 Susan Center
4f69f996-cf2f-4d35-b496-51904cd06af6,Howard,Reed,7-(927)204-4236,Albania,0359 Morning Hill
1577336b-322b-4f8f-aa04-61af13c7c1a9,Sharon,Harris,9-(209)900-7359,Ireland,93 Acker Pass
bc7269f7-4b03-4c56-8e4f-14b7066728c4,Kevin,Rivera,3-(834)201-7839,Indonesia,9796 4th Point
1144d565-4d31-4fd4-b7a8-d304c5ff8e39,Philip,Rodriguez,4-(519)561-4276,Malaysia,7303 Ruskin Way
ff9068a3-2fb5-4069-bc6b-deb603b0efbb,Benjamin,Scott,2-(396)059-8886,Serbia,3 Oxford Road
f37eae21-14be-4195-a554-4aa0a5ea6f37,Jane,Richardson,0-(955)385-0174,Kosovo,8585 Montana Alley
16778db4-1340-424b-959f-fed68398b3be,Charles,Nguyen,7-(377)122-0506,Mauritius,9 Burrows Alley
7f7153f2-20ca-4381-8a63-b9188d6dbf48,Sean,Dean,9-(842)794-2268,China,5 Glacier Hill Drive
625cefcb-748c-451b-a3be-d48d126f832c,Aaron,Morgan,5-(234)405-0466,Croatia,80200 Daystar Crossing
f570bae9-f225-4327-99fd-b811e56a0c23,Virginia,Hamilton,7-(228)509-9176,China,45 Montana Pass
b39b0268-fff7-42f3-b292-b51109905d49,Gerald,Ramirez,0-(138)523-8816,China,935 Columbus Plaza
1e5d8e42-a5d8-47fa-90ad-09bf871eeaf9,Ralph,Miller,3-(956)735-9200,Brazil,2440 Springs Point
33c68862-90ba-4f1f-b7c8-bf5ad0aa6b79,Betty,Lawson,1-(882)355-2615,Japan,79288 Pankratz Way
3c9a15b3-3896-4ce5-a5b1-584846114d6f,Helen,Gray,3-(936)175-6187,Russia,977 Manitowish Crossing
b091ae16-1db6-40fb-b18c-ee18a9879762,Emily,Morrison,4-(484)678-5998,France,36506 Mandrake Circle
e64bad6b-aa84-4125-8dbf-7ba5253e0c5f,Steven,Wright,0-(403)093-9246,China,5179 Columbus Avenue
e4b30ed0-e9ad-4b06-898c-1d874898dd0d,Jerry,Cole,0-(991)791-6050,China,2 Swallow Way
47acc003-c75c-42f6-88d1-88b6d9ca6bb8,Lisa,Sims,8-(976)581-3836,Finland,5 Norway Maple Point
b5b4e1a3-5601-4b60-a5cb-2698061519d5,Ruth,Burton,2-(323)985-6314,Russia,0002 Kingsford Avenue
ab080c48-da67-4c49-8e14-a09a07ea5ca7,Laura,Hansen,0-(535)358-2015,Portugal,3 Kennedy Way
b778a7b7-c34f-409e-bf1d-3bbca726fa04,Jason,Jacobs,3-(595)182-5339,Russia,1962 Grayhawk Junction
fd13ece6-8578-4ec6-be0e-a9a7bd78901e,Andrew,Johnson,0-(421)787-5262,Bosnia and Herzegovina,08 Del Mar Plaza
77bb7b0b-6f6f-4fbc-93a2-06ac22518d3c,Emily,Grant,8-(637)941-0261,Indonesia,84187 Village Green Park
4e53d10a-987c-4d8a-a783-efb69882bac9,Angela,Rodriguez,1-(915)072-1169,China,3 Ohio Street
cf71233a-4962-4c9f-906c-1e99235b80d0,Ashley,Martinez,0-(768)211-9635,Sri Lanka,0 Kingsford Park
b3bfe5bd-a3a9-4725-b48d-d9c7e839ff81,Janice,Perez,9-(284)620-2534,Equatorial Guinea,816 Barby Avenue
01ea0264-7fc9-4530-b8e9-c81d63088acd,William,Lawrence,1-(264)039-3747,China,84 Manitowish Center
431b21c5-ec33-4b25-9478-dbb93f46fe32,Joan,Mcdonald,1-(276)034-6498,Poland,75 Beilfuss Trail
8c68e9f4-1a47-4e21-a1b4-e7fa2d618191,Jack,Peters,8-(238)220-4295,United States,0 Sunfield Road
ddf39fec-53fc-4a11-ba7c-c042e41e4eb8,Maria,Rodriguez,1-(259)931-8096,France,048 Meadow Ridge Plaza
efbde06b-a627-43c8-99bd-fc5f83809c40,Roger,Armstrong,2-(896)698-4251,Russia,1518 Lakeland Plaza
d3db259f-360d-43e0-9830-90a4b118fd36,David,Crawford,4-(950)796-4518,Sweden,5743 Troy Point
44253916-da02-4709-9f57-2f367736de3f,Patrick,Hunter,4-(399)349-2975,Kazakhstan,86 Springview Court
9e56f08b-320e-4c1f-8d58-ad8bf54dc2f0,Katherine,Johnson,0-(295)919-2658,Brazil,43 Lighthouse Bay Terrace
f54b62a8-d5fa-4055-a88c-0f0d279ab789,Arthur,Harper,4-(569)867-2653,China,19956 Logan Place
ee716a5a-dd7b-47bd-838c-bc2d6fd3fc94,Julia,Ramos,2-(768)529-2715,France,0696 Moulton Hill
99930e20-17c9-4f8c-96ad-baa14c6195f5,Diane,Williamson,7-(946)995-9389,Poland,7263 Forest Dale Terrace
a705c70d-6046-49ee-8778-01a80002d2d0,Samuel,Fuller,2-(839)837-8676,Armenia,3722 Atwood Plaza
3f2d7069-9b88-4dbd-81c0-5b9b9a6591d1,Kathy,Knight,3-(562)896-6583,Albania,0 Bluejay Drive
fb624c93-bafd-4aec-a7b0-efb202dfdfff,Mary,Hayes,5-(370)476-2626,Indonesia,33 Brickson Park Way
19cb27c4-373f-437d-a460-c9ba2a40713b,Catherine,Morrison,9-(475)645-5047,Greece,43 Golf Parkway
d06e4ea1-b49c-4551-bdef-e3627a24eec1,Charles,Spencer,5-(291)523-3805,Czech Republic,62 Marquette Crossing
a1231222-902e-4872-8f7b-d66c765a6298,Frank,Fisher,6-(841)487-7563,Finland,1 Nancy Street
dc38e0c8-6fe2-4c36-b6d7-629e2ca81c75,Laura,Fuller,8-(819)995-4656,China,24364 Lukken Street
be5fe2d1-f514-4c63-ad4d-9b042298f3b7,Dennis,Johnston,5-(021)204-3574,Nepal,5 Michigan Lane
9b1bfe4b-8171-4690-87eb-a138a2e17186,Jeffrey,Ramirez,9-(078)916-1417,Japan,369 Commercial Circle
24dadbb6-1f63-4778-96cb-e286167c4da3,Christina,Lawrence,1-(666)513-1198,Mexico,33 Trailsway Junction
ebf37462-9971-407b-a8f8-8cd2687c86de,Jason,White,6-(258)913-2322,China,441 Springview Park
dd419719-7650-4e77-a77e-f4b05c3f07da,Kevin,Romero,3-(058)394-5232,Brazil,91519 Hudson Court
b9abd447-5e82-4820-b5f0-55e001de081d,Scott,Cook,7-(466)664-6006,China,72 Pepper Wood Plaza
7763f059-8896-490f-8e36-71cfbde28ed9,Jesse,Bishop,0-(979)647-1514,Russia,19 Mcbride Hill
3dfe016e-4e89-42af-85bc-f379085eb769,Roy,King,9-(854)882-0359,Poland,50109 Ohio Place
3fa38e0f-ee94-4860-ac36-0c69686009eb,Betty,Garcia,1-(176)693-5542,Canada,052 Oakridge Parkway
5b99a391-95ab-4357-89c2-0fd8bbda2f86,Robin,Arnold,9-(436)166-2421,Argentina,17 Melby Road
74629faa-8068-4dd8-9d92-8d04b951f2bb,Ruby,Marshall,3-(979)326-6260,China,13187 Hagan Pass
0f98e88b-fac4-4f8e-8392-8a32f421124e,Jose,Knight,2-(489)821-1123,China,80181 Linden Trail
7c45a72e-e118-4df4-9402-a47f39e218b7,Louis,Marshall,8-(627)457-7218,China,0241 Parkside Lane
fb57ea64-cf68-4916-bc9c-654a69e6d4dc,Ruby,Little,8-(891)835-4102,Dominican Republic,3046 Homewood Junction
77e66dbe-ad0d-40be-9096-8b3ac027b5db,Janice,Lopez,4-(111)445-5872,Ukraine,678 Prairieview Park
ad57f4ac-5200-45b7-bb21-38c91ef8aa5c,Emily,Allen,4-(583)679-4804,Malaysia,85586 Pankratz Alley
f6f02576-c22f-4da4-8a14-b82c15d7df73,Nicholas,Riley,6-(903)081-1616,Indonesia,0240 High Crossing Crossing
c027a094-f66b-4cad-b039-91b112bb805d,Lisa,Alexander,1-(297)224-9906,New Zealand,1 Graedel Alley
b070007f-c1ff-430d-9680-7763a83c0535,Louis,Palmer,3-(456)629-4001,Dominican Republic,342 Lighthouse Bay Plaza
14db39e5-9adf-40c6-8efc-3d7cfbfcc755,Gregory,Cruz,2-(856)341-9660,Norway,872 Moulton Circle
fe7cb5f9-8e88-4cb1-a834-b11e0c2b0cdd,Kathy,Watkins,6-(244)291-6775,Russia,8259 Talisman Drive
3caf468c-84b3-403c-b62c-acb22f107d4a,Jeffrey,Morgan,3-(590)315-4587,Nigeria,004 Comanche Way
8e0addf0-dbeb-4832-8feb-954c0636b6eb,Linda,Burke,3-(086)568-6303,Mali,52485 Merrick Parkway
939d6d3f-9601-4659-aa06-02c3732777df,Fred,Torres,4-(412)118-6168,Indonesia,6643 Messerschmidt Alley
1b5d1b3d-3f1f-41ce-a44b-66f8624472d9,Richard,Young,0-(036)340-1776,United States,170 Pine View Court
ef3a478f-104a-4bfd-b0f7-2a454d35b60a,Frank,Lynch,3-(929)693-1286,Thailand,70913 Monterey Park
3580f35c-347e-47da-af39-af047a99f5ad,Anthony,Nelson,7-(566)748-8053,Belarus,3 Heffernan Alley
7395f8cd-2d58-4187-9278-0bc217d25a38,Eric,Morrison,0-(856)222-2797,Colombia,92517 Londonderry Plaza
5ac9c486-f8c0-4c2a-ac47-39e8aeb737f6,Jesse,Perkins,5-(774)414-5615,North Korea,39315 Killdeer Drive
c288fff5-111a-4c42-af21-f401b2c56ffe,Jeffrey,Ellis,8-(239)139-1480,Portugal,7037 Summit Trail
2203fcb2-cbb6-49e0-b02f-36d551717aa5,Sarah,Dunn,9-(046)192-3261,Yemen,46 Dawn Street
072aa793-1d51-40d9-813c-ea7d067a39e1,Alice,Young,8-(454)536-5783,China,55020 Basil Park
56740dda-bf01-4139-884f-49ae152eefa5,Craig,Lewis,6-(720)482-9498,Mongolia,68 Roth Crossing
69f5aed7-1fd5-4efe-84db-51e75d2b92ce,Victor,Reynolds,4-(986)499-9582,China,001 Lakewood Park
f28e7276-acc6-4399-a23e-5eb957f5a955,John,Williams,8-(161)054-2283,Iran,3 Thierer Way
9ca0b343-5116-4929-8f98-173b1a0880ef,Jonathan,Kennedy,4-(329)197-1616,China,68003 4th Point
729ed1bc-68c5-4954-90bd-1723c4547d10,Joseph,Riley,6-(386)293-4599,Serbia,48 Laurel Crossing
4f4f1b10-0da6-4adf-8ca6-b9506040be85,Martha,Castillo,2-(531)021-2817,Indonesia,52 Everett Parkway
bef51a69-9265-4e29-af4c-88aae56a0f47,Craig,Parker,4-(428)431-2341,Indonesia,93 Clemons Crossing
19c06d74-9626-4e60-88cd-ab110dc66ac6,Julia,Chapman,0-(717)224-3255,Egypt,6826 Dawn Hill
e757c6fc-6eb1-49b4-b87a-bf9a8e8bf0fa,Jennifer,Bennett,8-(642)256-2460,Indonesia,8 Stephen Junction
909e91cb-7496-4171-8014-a919a8a15137,Alan,Holmes,1-(585)868-2593,Czech Republic,3537 Linden Alley
8b918eec-91a7-4c3c-97ab-8b2421990e8e,Gary,Parker,5-(184)149-3053,China,7094 Mockingbird Parkway
b03079c1-a4e9-4e9b-a1bc-3a658d0159bf,Scott,Palmer,2-(683)777-2039,China,46 Drewry Drive
0a810370-01ad-4b0e-a818-6c0a1f55e0eb,Virginia,Arnold,5-(715)790-0359,Brazil,586 Ridgeview Trail
dee2c235-d6b9-42ef-a1e6-1cc856642fd7,Joshua,Sanchez,7-(816)792-2085,Indonesia,1 Donald Terrace
9da8f3d3-b764-4576-8d5b-2b5c477ce540,Kimberly,Murphy,8-(342)401-6378,Niger,65 Novick Point
9982497e-550b-4d56-9d86-afa88af54cee,Jesse,Wood,1-(509)620-2733,Vietnam,0 Lindbergh Park
28c644c0-3972-4876-96c5-e837189d696f,Christopher,Warren,8-(403)120-2327,Japan,58556 Oneill Crossing
d8c3d73a-0c33-40fc-9c1c-18feab330eae,Robert,Watson,0-(198)572-6668,Philippines,07388 Scoville Circle
21740105-28b6-46b5-877b-79a3f5537608,Lori,Perry,5-(442)116-7177,China,334 Bay Place
9e8df962-906b-4d2e-a5a1-04034afcee5f,Patrick,Kelley,6-(607)847-6342,Russia,9814 Knutson Park
5fcb1aaf-f262-4f65-967f-5e8396cf1d48,Denise,Nichols,4-(098)681-5513,Greece,8 Hanover Point
90726e14-21f4-4552-8d7b-565dcdcc454e,Mark,Alvarez,1-(805)954-6334,Sweden,54 Debs Center
7eb8c3cc-c3f2-45df-8bf5-6bfc74b1a16c,Wanda,Crawford,8-(922)860-0384,Philippines,24917 Annamark Plaza
e06e0e62-7ee9-4ca3-bb81-33a8768a4ed5,Rachel,Romero,6-(249)830-2351,France,05 Cody Park
a29f0591-4dce-4568-a1b2-7e27f830d27d,William,Allen,9-(726)248-3129,Brazil,05 Mayfield Point
6c29adff-9ce8-4713-81f0-09dbc89481ef,Amanda,Cooper,5-(035)543-1085,Cuba,3 Riverside Drive
658c27af-4201-4874-ae02-e170969c3956,Diana,Perry,8-(982)953-0079,Germany,333 Ilene Point
ec68d552-8a80-4a71-a14c-6f5cad973320,Doris,Coleman,3-(880)813-8573,Netherlands,165 Lighthouse Bay Street
a3a6bc52-e3d6-425b-bd50-30e184254ee1,Sandra,Morales,7-(594)302-8068,China,1 Manley Street
31fc4de9-8e06-4500-ac41-190613a0d94d,Donald,Fields,3-(946)453-3768,Bahamas,74683 Killdeer Terrace
9f066498-7941-48c4-adb2-0ff8283dd1da,Peter,Harvey,6-(849)496-0862,Indonesia,0 Clove Plaza
fc16ea98-0f63-4782-8b95-1a0221872aa2,Diana,Ross,7-(660)408-5115,Pakistan,5 Pepper Wood Alley
c0461520-341d-4b30-bc07-d4e5cc879b90,Howard,Cook,6-(857)670-0020,Indonesia,5177 Judy Alley
683057cf-7b78-4b32-8268-135156ef7b0d,Richard,Owens,7-(065)958-6834,Nigeria,8334 Delaware Lane
6a211d4c-4449-43f7-bf2b-3f02c8184d73,Teresa,Fox,5-(225)555-6362,Philippines,4 Declaration Parkway
f236ae90-9758-4d97-ba33-e636ef8b11ca,Laura,Montgomery,2-(650)282-4995,China,25096 Ridgeview Trail
5ac1e4af-3341-4e80-9b5c-58bfe03eac46,Margaret,Gutierrez,1-(547)994-7152,China,4641 Lakewood Crossing
7cbe94c3-99fa-4b15-bb1f-d0119e4a8be8,Kevin,Powell,2-(915)009-3715,United States,19459 Eastwood Parkway
38e85512-355a-43bb-82e6-3dbd2dd99643,Christopher,Berry,6-(697)905-7681,Czech Republic,89 Hintze Pass
79840989-b80c-4a73-879c-15a0c9d00d07,Steve,Grant,8-(903)508-4127,France,8 Merchant Avenue
2b936346-42eb-49b6-99c9-1f0b3fe2e9b3,Benjamin,Arnold,0-(594)161-1219,Poland,4 Ludington Junction
fa568fe8-c165-443c-bbca-3a252b7dda65,Jose,Jordan,1-(000)186-3699,China,27 Summer Ridge Trail
e1c090f4-62b9-483f-b2bc-bcb9e9af2976,Louise,Olson,5-(509)774-6947,France,14003 Tomscot Drive
43e9c1bf-9977-4305-b8c5-c1125117c2d4,Terry,Cunningham,0-(019)593-9153,Philippines,09506 Dahle Drive
5f146ca6-4ce1-4c42-b601-88c0eb51ba73,Roy,Kennedy,4-(384)727-4534,Kuwait,611 Mesta Drive
efbd4313-aedb-4211-b00e-a9123fa0ec83,Patrick,Duncan,3-(041)082-7222,Croatia,984 Mendota Circle
4072581f-55b9-49b4-84c9-7b4f77ccc242,Martin,Wheeler,2-(674)715-8202,Guatemala,502 Sherman Circle
346db137-1c90-49b7-94b6-61549f67d0af,Thomas,Mason,0-(938)154-0012,Syria,6815 Karstens Way
dbef7d66-aa05-434e-b510-8dbca483d132,Martha,Dean,8-(347)241-0298,Indonesia,14893 Blackbird Center
8905b215-c324-424e-a509-513b9f9d277a,Louise,Kelley,0-(039)445-3260,Croatia,161 Gulseth Lane
5c38e3a0-bef3-4edb-8bc1-37cfb4be7fcb,Shawn,Turner,7-(980)362-4425,Portugal,6406 Oxford Drive
c957c33e-f621-425f-9cb0-88c4e09aeaab,Diane,Elliott,8-(910)527-7766,China,652 John Wall Pass
ac95d160-9885-47ee-8eb4-adf9ac3bd62c,Amy,Hart,7-(022)734-5567,France,912 Sycamore Lane
c65a55cc-7167-4683-9372-0740d4b0384a,Mary,Stanley,2-(851)131-6992,Mexico,88734 Granby Junction
223e0062-0706-4d3b-91eb-c124e4a42ee3,Walter,Kelley,1-(679)416-6313,China,0442 Eliot Plaza
a26393ce-a293-4cab-bdc2-850e14a450fe,Steven,Morris,9-(687)928-3627,Serbia,156 Eliot Trail
bf3c63d0-4503-4775-8be8-fa6e5036e24a,Betty,Ford,3-(988)467-5667,Laos,46806 Manitowish Street
5589a78a-868c-4a4b-9d48-596666285da0,Steve,Austin,4-(471)608-0263,Trinidad and Tobago,555 Katie Trail
e8a4b51f-4d82-485d-b5af-d1635c15766a,Rebecca,Lynch,5-(560)872-5567,Russia,13820 Raven Alley
2fc90dcf-51d9-46f9-8d23-cd87972fcb48,Kathy,Daniels,7-(264)781-3296,Vietnam,27 School Avenue
fffff746-fab5-4862-8fe7-60f18e0fab9d,Patricia,Perkins,4-(988)076-3636,Iraq,10 Jenna Place
0003dc8f-c5cd-494b-9801-a0b13c4ba1e9,Terry,Perez,7-(162)470-7468,New Zealand,85 Hoepker Road
5c71b662-13b2-4701-853f-c118f9ddda32,George,Stephens,0-(534)624-1395,Russia,69 Hoard Hill
f2a06f31-0600-463e-9698-f9729c15aa80,Robin,Lawson,3-(421)393-6354,France,755 Carberry Lane
63732671-345e-4329-a01a-704ab8e527e0,Sean,Robinson,3-(050)682-7412,Mexico,759 Del Mar Pass
f19bd31d-8e46-46b8-a40b-0db4291dc7a1,Laura,Mccoy,2-(952)635-4083,China,92 Carpenter Road
67ad9bf4-60b6-4fd2-83ee-42674f52e6d2,Kenneth,Coleman,7-(877)946-0392,Poland,57 Acker Pass
8bace3d2-12a3-4662-8777-d31fa2d2b570,Catherine,Ferguson,1-(357)751-3169,Vietnam,91093 Helena Park
d3077ff9-0863-49bc-9184-51595d5561f0,Jacqueline,Kennedy,7-(463)236-7291,Indonesia,732 Dexter Hill
c9a355c0-bd90-4725-910f-97dc630a8d9c,Sandra,Montgomery,8-(806)288-1034,China,832 Hoard Junction
9ffc2d5a-8714-4722-935a-5652a57c2045,Barbara,Barnes,1-(614)709-1070,Argentina,62308 Algoma Parkway
ef32c467-8d92-4ce9-a169-b83238c0e249,Russell,Brooks,9-(166)605-6160,Indonesia,36362 Grim Pass
b54ba21a-6c6d-4bd5-9869-b51690ef8ac5,Heather,Scott,0-(413)171-2019,Portugal,20973 Old Shore Junction
363dda1a-5ae4-4bad-ae30-bdf7c0469f7a,Eric,Torres,9-(357)251-8608,Ivory Coast,018 Jay Drive
ac0043ce-9909-4744-8ad7-c154625f6121,Henry,Alexander,5-(392)507-0829,Kazakhstan,170 Anderson Point
61ec27a0-8cbd-4ef3-a1f3-3408eb18f5d2,Ruth,Lewis,2-(418)482-5152,China,554 Union Point
81c43b43-c2ec-44f2-822e-cca997e4b280,Roger,Crawford,4-(943)984-5182,China,00860 Browning Plaza
446d8e8e-7d24-465f-b120-078e14d15967,Gary,Peters,2-(888)064-1724,China,9 Orin Court
6c48a680-3df7-4b75-b4df-cfc101f11abb,Ruth,Coleman,5-(475)240-2805,Czech Republic,461 Superior Crossing
18266757-9016-4aba-93c2-c349ae2947b1,Susan,Peterson,1-(677)544-2890,China,93 5th Pass
e6ed22da-3564-4808-8dbf-f7cd083c8a56,Stephen,Cooper,1-(788)628-5329,Ireland,361 Dwight Drive
70bf764f-83ff-46fa-9024-07a04dc758a4,Keith,Crawford,5-(732)730-0689,Croatia,63 Reindahl Hill
654d6b20-9ee0-4a4f-b66d-e7ec485413f9,Ann,Hall,3-(027)064-7427,Indonesia,278 Cardinal Hill
284b28a4-920d-47e4-90be-9f2247e92c95,Walter,Barnes,7-(253)212-5480,China,11609 Bartillon Pass
b1303cd3-2af9-4b43-8fef-99d4a9bfdeb6,Andrea,Evans,0-(668)043-4520,Thailand,17446 Lindbergh Avenue
93829a74-5de6-469f-8687-106f2b0ed399,Janice,Kim,9-(633)391-9916,China,84 Declaration Park
a4b2e4f8-49c2-4ff9-b75b-8f7a9e5f5b35,Amy,Harvey,3-(166)710-9694,Indonesia,2076 Fremont Trail
22f4caca-2377-4d11-896c-55cd6a166666,Bonnie,Gomez,8-(646)415-6584,France,28364 6th Road
21b23e9c-7a25-4d80-ba2e-5fff03acfcc1,Arthur,Turner,0-(416)023-9888,East Timor,9719 Tennessee Park
220e86d1-e1a3-4c44-bc46-593d5b32ff83,Christopher,Mccoy,7-(002)230-6690,Poland,835 Karstens Avenue
7c11f0a9-8a0a-4778-bb41-621f75d1baeb,Amanda,Morrison,4-(359)528-0602,Portugal,5 High Crossing Point
cf27bcbd-9f97-401d-a3df-8554a92f863e,Norma,Welch,8-(803)331-3180,Kuwait,01 Kenwood Drive
3f6d86a9-b0b7-4b40-891e-e2124f510fe9,Angela,Berry,6-(392)339-4502,Czech Republic,344 Fremont Lane
9789a8df-4253-4a21-95de-6b650b626c0d,Jacqueline,James,9-(290)584-6707,Honduras,029 Michigan Park
ab1ab61b-3d02-462d-b635-7c7c6415fc4f,Rachel,Romero,0-(078)409-9388,China,399 Kim Hill
c1c99f99-d4da-4e21-b6a0-38e669b71154,Wanda,Hawkins,6-(188)919-8884,China,01486 Bluestem Alley
98651ced-e6c2-4f7b-aa0b-d1e381e6a9e8,Denise,Wheeler,0-(202)654-9261,United States,78 Green Ridge Court
ecf4bac7-d27f-4c0e-8c53-51b0f0a6f023,Emily,Moreno,4-(068)087-7434,China,63926 Merry Center
be56adac-3d79-4e43-b90f-c03a3f0697be,Scott,Medina,5-(124)869-7972,Ethiopia,2576 Kinsman Terrace
12451006-1273-4f67-b981-a00ee6c2a82a,Janice,Ramirez,7-(662)166-0034,Indonesia,92 Buena Vista Point
a3305272-7ff5-4259-ba32-7d31e3b98b02,Diane,Ellis,7-(617)199-8384,Portugal,911 Ludington Court
73ef63f0-f92f-4d80-a7ff-0cf9791e2b4d,Beverly,Romero,9-(280)547-7082,El Salvador,13316 Del Mar Terrace
7eb735e9-17e9-4315-9cd7-01e3d7f711d9,Helen,Perez,7-(883)011-5474,Thailand,4872 Eliot Junction
7c1f6d52-622b-4550-ba4d-c4a732ba00b0,Julie,Wells,2-(612)398-6660,China,1 Havey Parkway
0625b479-5aee-4809-9933-ea75e6c6bacf,Juan,Fowler,3-(438)798-9349,Philippines,58924 Macpherson Park
745845b6-8b76-4f1e-b1f1-231361593c81,Shawn,Fowler,1-(344)981-3862,Indonesia,6 Jenifer Trail
98af8a7b-6475-4fd4-a15f-d6b38155c5ea,Harry,Gomez,7-(108)718-2699,Russia,59684 Loftsgordon Place
df3f5d53-9f7b-4339-9b1a-648fcbd4446f,Sandra,Thomas,7-(882)844-0427,Brazil,14161 Sherman Crossing
93578d1f-02ca-4769-8d7d-182d0822cbb4,Peter,Turner,7-(428)788-4756,Brazil,20 Emmet Way
5c389333-ac2b-4f6f-82fd-c2b976f0ffc7,Denise,Perez,6-(170)031-5325,Russia,8 Algoma Point
201d1051-ac6a-4fdc-b93e-489b75bfef23,Steven,Hart,0-(292)693-0024,Serbia,1 Monica Drive
a13d1e9c-91f6-4391-b776-50e89aaa89d7,Tammy,Wagner,3-(938)805-1182,China,4132 Northfield Road
9549e40f-afa3-4a18-83a6-c6050cfff79f,Chris,Reynolds,2-(126)069-9087,Argentina,195 Bluejay Way
d9bfe2ab-b787-416c-b981-75a47ffa0c11,Kelly,Boyd,7-(657)377-3595,Ukraine,747 Steensland Road
52b7ae43-b813-440f-bcc8-e8780a3df237,Louis,Griffin,3-(503)794-4504,Brazil,99591 Thackeray Parkway
08c49a98-be8a-4d5c-be17-295e77f44e35,Keith,Lee,5-(473)867-3005,Canada,3 Memorial Trail
77e8f814-fb5f-4541-839f-f2f670f66a73,Joshua,Harvey,7-(360)445-1902,China,61756 Hanover Crossing
5670ed88-2b76-4246-bf85-2f64ccfeb348,Sandra,Young,7-(549)935-0262,United States,2457 Talisman Drive
cf82d6e3-32a7-4555-b2a5-ee4275e40dd6,Jeremy,Richards,5-(562)872-5319,Yemen,2 Surrey Place
5e7f6b2f-0f54-4206-a1e2-8cd20516fcad,Ernest,Carter,3-(307)004-4485,China,227 Carpenter Point
f19f8257-04bb-41ec-99d5-7d2edd9e4a55,Earl,Matthews,6-(883)574-5674,China,04 Orin Circle
effbe0f7-f40d-4eeb-9c1e-83392df14668,Clarence,Cox,3-(782)453-8374,China,3648 Killdeer Junction
29ee7c4f-7558-44b5-8e94-fe5960344c84,Donna,Payne,0-(626)695-7219,Japan,023 8th Place
6e463cdd-775c-4a52-a183-6fab5e416536,Susan,Willis,5-(686)845-1502,Estonia,433 Bowman Court
2066fe93-9240-4da3-a7d3-42ec4efc9144,Pamela,Dunn,6-(793)892-4936,Mexico,86420 Haas Drive
6b0e651a-284e-479f-938a-29bdc2812e04,Harold,Ross,4-(425)955-9219,China,8 Browning Drive
29277d57-f0e6-4af9-bea8-8a7bcea0849e,Sharon,Cox,6-(017)098-9188,Indonesia,2 Dexter Alley
972c09dd-ea6b-4fcb-93fd-8eda71b7576d,Julie,Knight,3-(687)758-4600,Cuba,4945 Susan Trail
1431f82e-041e-4cc3-a85b-ec490c88998b,Jonathan,Medina,9-(675)069-6464,Brazil,7 Reindahl Court
f3fd2a32-f923-4df7-b26d-95efe5ceee94,Brenda,Meyer,6-(487)479-4125,China,34 Carioca Plaza
6345d86f-27cd-4bed-a2d7-71d52e12b953,Kevin,Hunter,3-(133)103-9234,Russia,66 School Trail
d25b2e72-ce9e-4a7f-999d-10d9a01e793d,Edward,Palmer,8-(227)202-1988,Cameroon,6 Corscot Plaza
a09a58f9-2367-41af-ac9f-4299285f8418,James,Duncan,9-(362)565-9578,Kazakhstan,585 Stuart Parkway
a357accb-fd5a-479c-8df6-945581eb6668,Jason,Campbell,5-(067)898-9311,Mongolia,55 Elka Street
c91c311a-e402-498b-81a5-a9869848065d,Christina,Owens,8-(994)324-2014,Montenegro,12 Commercial Alley
eeb92fd1-33d3-47b0-b3b2-e3da819c8af1,Judy,Ramos,0-(943)350-2314,United States,91206 Forest Hill
55a08b09-9ab3-4067-8f87-705667f9695d,Harold,Spencer,1-(224)648-2581,Slovenia,12560 Cottonwood Alley
67e85d68-49ed-4212-920a-e1fb3724360e,Daniel,Rodriguez,3-(734)503-8150,Macedonia,94 Farmco Pass
1b13d5d5-a450-4c62-ba76-f2c9702b51e8,Shawn,Mccoy,6-(226)795-6797,Peru,01 Superior Place
17a873a7-2798-430e-8bd6-12707968b001,Arthur,Hill,1-(904)482-3657,Iran,73511 Erie Junction
5b7c1d0b-b8fb-4bb7-a0d4-abf098a68586,James,Collins,3-(539)819-9532,China,104 Hudson Trail
3969c06a-d422-4dc5-af8a-41f78dbce180,Earl,Holmes,3-(586)636-6063,Portugal,551 Superior Park
f96a5e2f-0a89-4da3-8909-4f1ea15a8bf5,Daniel,Snyder,2-(932)692-9825,Indonesia,3 Pearson Avenue
6f177032-04b8-4a50-80b3-38771ce1ed55,Brenda,Fields,9-(835)263-6895,Oman,1 Beilfuss Hill
1af274fb-37dd-4e8c-90f8-231a1a86566e,Gary,King,7-(376)838-5552,Ukraine,3983 Katie Pass
28de9258-97e1-4e3f-8447-e85ce0ec17fb,Lori,Gardner,0-(654)989-7280,Russia,4 Banding Place
d259257a-2efc-4463-b187-57260db8cc1f,Eric,Tucker,0-(169)561-0482,Poland,126 Melody Junction
86f89779-37b1-490c-9954-2f9fa96339e7,Johnny,Harrison,8-(530)861-9410,China,8761 Waubesa Junction
32ca5d09-69e6-45c3-97e5-a49900fa9174,Robin,Little,6-(866)144-4173,Slovenia,40893 Comanche Street
4961854e-de14-44ce-b087-68bd0e497ce7,Raymond,Taylor,6-(440)512-1866,Indonesia,326 Prairieview Parkway
fc4768fc-75fe-4e66-950b-8304987ee893,Anthony,Reed,3-(925)295-2887,Sierra Leone,42 Continental Way
c7b037c0-093e-4104-bc0c-5fc6f4e50374,Ann,Anderson,3-(448)534-8625,Russia,9364 Anhalt Center
b259d960-f0da-46b5-ac42-685ba8761017,Peter,Wheeler,2-(251)472-7017,China,688 Hollow Ridge Plaza
67e51b06-f43c-410e-8c3d-f9467d31f9bc,Sara,Mendoza,8-(007)284-8298,China,774 Service Lane
8b018e92-4285-4492-9f00-da0729b3397a,Barbara,Graham,5-(546)899-0730,China,4 Westerfield Parkway
47d6ea91-5b52-4395-9635-586756ab30e4,Dennis,Crawford,2-(916)106-6449,Indonesia,18 Portage Terrace
527a0db6-6ecd-4469-bb8b-5e72629001e4,Jennifer,Ryan,4-(788)401-3270,China,3446 4th Way
0775e151-58ed-4f93-88f2-7f05e133dae2,William,King,3-(518)396-0048,Netherlands,09685 Homewood Drive
95fbc110-b9ed-4f39-b5f1-81cabcf1d0e0,Lori,Gutierrez,8-(740)134-4620,China,7 Butterfield Avenue
09e79fa2-7b6a-4cce-b2e7-15e2cb7bb7f8,Theresa,Sanchez,3-(954)091-7203,Argentina,4000 4th Junction
d5f60f61-3f82-4e5c-b241-5f269c40ca07,Carolyn,Mccoy,7-(891)579-2173,Indonesia,72 Bluestem Court
ddfd4d81-3b55-485b-8d0e-62be532b7450,Phyllis,Jordan,4-(677)470-2235,Portugal,13547 Forster Pass
0d47b487-5ec8-418e-8b8e-8fd1163d70d8,Thomas,Greene,0-(392)623-6558,Philippines,3642 Lakewood Point
c8f2c79b-ed28-4966-9c95-f4c99ffb3df0,Thomas,Richardson,0-(754)704-9195,Ukraine,3 Bultman Alley
f52d2810-1c90-4905-9a55-d3096782aec2,Kenneth,Patterson,7-(611)645-7992,Poland,6 Spohn Center
05ebf58d-fd60-4f13-8b5c-b3bb8b248c55,Nancy,Hudson,5-(367)258-5649,Micronesia,772 Hayes Crossing
3caadd49-a7a9-4413-9842-b6607312f16f,Stephanie,Griffin,1-(155)848-5317,Japan,38819 Duke Center
794bcf58-9e14-4fe9-8f73-756de83bb95a,Elizabeth,Wright,5-(853)580-2069,Mexico,70252 Dapin Street
e8fd1995-7f7e-431b-94dd-5ccc10aa787c,Justin,Rose,5-(067)492-4024,Philippines,0991 Meadow Ridge Point
13407243-9516-4164-a5d4-7bd1eb296e31,Aaron,Weaver,0-(368)159-1055,Portugal,46 Graceland Alley
3599a968-0bd7-4044-87b7-1cdc46bee11e,Harry,Robinson,9-(058)080-2283,Mexico,03779 Sachs Lane
e779e5e8-3163-4653-9bae-441694f76b0f,Randy,Lane,0-(752)935-2482,Cuba,43 Katie Hill
ee19e9a0-83b0-4bf6-8008-a0ee1fd5dda6,Diane,Hicks,6-(595)944-7291,China,4 Fulton Terrace
b15221ef-03eb-40e0-bb8f-480aff062f10,Harry,Jones,3-(675)011-8402,Namibia,9 Bashford Parkway
08f34809-d7d2-4f4c-8235-de48df194a11,Jean,Sullivan,0-(472)125-7787,Japan,582 Daystar Drive
50546718-0d13-4766-8069-7d5e499af1ce,Rachel,Morales,2-(081)992-9093,China,88833 Goodland Alley
42b063c0-5d40-4674-ac72-19e7c1cd6736,Rose,Turner,4-(514)661-7555,Palestinian Territory,7620 Kings Avenue
651fdc54-3807-466d-8f04-21b6ce754370,Beverly,Jordan,7-(242)466-0786,Pakistan,2 Arkansas Street
69a4208f-7ca8-4f65-9b99-9ac5b9e5275a,Ashley,Reed,1-(143)429-0068,Argentina,41 Golf Circle
1930d1f9-506a-42ba-9e4c-ab1948532077,Gary,Boyd,9-(324)110-7108,Poland,145 Twin Pines Park
16d3d37e-6b5c-46d3-b8d0-77e8c946fad6,Dorothy,Gonzalez,2-(246)241-6918,Afghanistan,880 Ramsey Plaza
33b73e59-0f9e-42a7-a5f0-fd0804f2e52d,Joyce,Barnes,7-(983)447-4861,Dominican Republic,905 Farragut Plaza
7e4429de-11e9-4271-9037-c01ecff40cf5,Ronald,Butler,9-(593)044-8457,Canada,983 Roth Pass
b2da4534-2177-4c53-94e2-8fcd88981530,Paula,Frazier,6-(606)228-1651,China,4 Fordem Drive
ca9114cf-90ba-435c-b70c-77ccf68a540e,Gregory,Anderson,9-(012)667-0649,Thailand,85234 Gulseth Avenue
9095a0f4-c91d-42a3-a28b-baee392b72f0,Jennifer,Kennedy,9-(726)999-8357,Bosnia and Herzegovina,52373 Almo Junction
69c9f8d0-522b-41ce-b26a-0f5b3eed3e6f,Keith,Welch,0-(391)335-2023,Niger,10 Erie Plaza
6a9d10bb-851e-4db4-9c38-a68df2d0cb91,Benjamin,Reyes,8-(031)303-9450,Ukraine,72156 Oak Valley Terrace
2ae67112-329f-44f5-8fde-b285bfc88099,Anne,Peters,3-(412)158-7306,Portugal,30 Mcbride Way
d143bb68-7618-4648-bbb8-a4a86c032567,Elizabeth,Alvarez,8-(918)812-6039,Philippines,11 Del Mar Hill
7e05e165-4407-425e-8aad-8dccd457c734,Jacqueline,Cruz,5-(736)377-3207,Kosovo,87 Shopko Park
c6b53fc8-4a87-4ef7-9125-ff9f252770b2,Angela,Reynolds,3-(271)949-7916,China,97148 Northport Place
3aa117bc-bf24-44d6-be1a-84dee2340709,Marilyn,Nelson,4-(770)084-8155,Greece,9509 Aberg Terrace
7446fe92-ed96-48aa-a6bc-294346762e12,Sharon,Smith,0-(924)213-6554,Indonesia,9 Towne Lane
852bcdb6-8595-4cb2-ac71-51595e57b82c,Virginia,Simmons,9-(340)239-3090,France,7 Burning Wood Circle
9a961fb0-6e31-4d9f-bb93-c15197252d58,Nicole,Ruiz,8-(267)478-6865,Ukraine,93 Fairview Street
22656cdc-0b4b-45a9-acd9-b1e6211e5b0f,Chris,Hunter,1-(997)306-5894,China,0 Manley Way
513d29fa-45e2-408a-8a5b-d832c0c81051,Ralph,Edwards,0-(900)171-6942,China,440 Weeping Birch Center
c795469d-dab8-4958-b343-851f49d264a8,Tammy,Bradley,8-(708)868-9963,South Korea,7339 Crowley Street
9264b4ba-8e34-48b4-b3f4-b76e0efc17b8,Andrea,Hall,7-(632)936-8974,China,21 North Court
8ff5341b-3939-4668-9fcd-6aec52f386d5,Mark,Daniels,2-(612)055-6646,China,46056 Crownhardt Road
2e012ec2-89bb-4530-b8b2-0cff06e8608c,Joe,Morgan,7-(609)164-9331,Estonia,53137 Schmedeman Alley
56664ba7-b313-4ef9-984a-0ac8eeb968c9,Nancy,Johnston,1-(604)010-9793,Colombia,988 Warbler Avenue
01929b4b-e5a0-4e4d-a0a1-41a13713e67e,Sean,Butler,9-(232)244-2854,Nigeria,31 Arkansas Court
3ba8ac63-e6fe-45da-b37c-b3511f15d6a7,Victor,James,0-(973)827-0419,China,108 Ruskin Avenue
85e23164-4752-4970-ac0a-65e77b61d819,Donna,Ramirez,2-(079)936-9007,China,03766 Montana Street
f1bd077b-ed69-41e1-9e18-3f700968da25,Jason,Simpson,6-(678)935-0873,China,78 Montana Court
2f23250f-32cd-489c-932c-8730790ad984,Dorothy,Reid,1-(793)682-6539,Morocco,690 Clemons Alley
86a762cc-4cfd-4708-91d0-0778bfe93e04,Dennis,Sanchez,6-(952)864-0989,Cameroon,1 Kings Center
2b4a92de-cf9d-4bcb-8eb2-68cadd74bfda,Sandra,Hall,5-(644)456-8139,Sweden,3357 Kensington Crossing
c85696a4-855e-44bb-9402-76ff89221ec9,Edward,Richardson,7-(568)409-5733,South Africa,2479 Butterfield Drive
a63be366-8804-4c7f-b57a-9e33d9928ade,Ronald,Rogers,8-(549)731-8966,Mexico,8661 Northridge Way
a3fc858b-82df-4520-8719-baf0bcc3548a,Deborah,Fisher,8-(257)057-4762,United States,2 Sage Parkway
90f7afb1-86b2-4016-90d8-2bd590a89f41,Barbara,Collins,7-(003)549-5402,Indonesia,4566 Dennis Hill
6645e761-81f2-4003-b7af-cc7695509039,Julie,Lopez,2-(953)905-0091,Portugal,0 Scofield Place
9d587e72-63c1-4731-919e-ed0fc207def6,Brandon,Garrett,3-(547)320-1661,China,3 Maple Crossing
340723e5-6073-4ad4-9173-03205fe438c7,Richard,Pierce,7-(851)528-9106,United States,633 Comanche Terrace
717214ea-1c2b-4348-ab87-9ac487a1f942,Beverly,Marshall,4-(529)118-0450,Poland,56 Golf View Street
0dad0b57-10f7-40eb-8fd2-0fdb38ccf7b7,Kathryn,Lane,2-(439)605-1219,Indonesia,6 Duke Pass
f54093e5-fac2-4a0a-8624-3432c33e476a,Donna,Hunter,1-(096)589-5228,Czech Republic,906 Arapahoe Center
116a71d4-5137-42d9-8557-69590ec148f1,Ralph,Griffin,2-(964)035-9506,Panama,055 Gina Center
40f6e215-0232-4195-bfc7-a3df00230af1,Denise,Parker,7-(287)548-3588,Namibia,1 Westport Lane
212d87da-4639-4c0e-aadc-23c86a435f5f,Cynthia,Simmons,0-(693)507-7199,China,5 Stephen Parkway
7747bf09-bba4-4ebb-b9ce-6a6086887765,Jane,Austin,7-(398)773-5086,Belarus,5 Pierstorff Trail
6cae1579-7f96-4cf0-bc88-47fdabc55f76,Janice,Romero,7-(734)418-2698,China,9 Morrow Hill
ba149c0d-8c77-4a55-baea-e534593ced61,Brandon,Stone,2-(552)363-8101,Poland,70 Fairview Hill
598c9916-9138-4866-a63e-be1824caaf0f,Joshua,Griffin,1-(521)333-9521,Germany,739 Ridgeway Crossing
18df99fd-6e5b-4c0b-bb0b-ad27feb2b5f0,Jennifer,Gonzalez,3-(542)952-2991,Bulgaria,417 Stone Corner Crossing
c5fc760a-bf5e-425c-879f-da07412cfc38,Jerry,Richards,3-(308)842-5305,United States,5 Bowman Circle
adb87858-d799-4511-bf9f-b852486cf998,Amy,Evans,7-(737)886-9842,Mongolia,2 Clarendon Lane
f2e6d7cd-c45e-4da3-88cd-6ad8c4d5f787,Harold,Thompson,2-(285)258-2462,Greece,07 Utah Way
31218fcb-5e2a-4305-b55e-955c78cf2f7f,Amanda,Mcdonald,0-(402)960-3058,Chad,976 Rockefeller Parkway
fe2e6d81-7681-4b06-b94c-1f4a57542da2,Jessica,Dean,8-(703)370-5904,Indonesia,89 Farwell Way
30e79370-be95-4cc2-a0ba-41ce2b801422,Jessica,Garcia,4-(429)966-0894,Morocco,8799 Cardinal Junction
adb12969-d13b-4f2e-9152-03b16f0a997e,Steve,Howard,8-(653)459-3157,Japan,0549 Kennedy Street
941109ac-ee0a-4f46-bdbe-91695fba6094,Andrea,Burton,4-(852)847-4172,Portugal,2832 Paget Alley
32a26a08-5d2e-4804-9e97-4d66a35d64e2,Kevin,Moore,5-(080)218-9723,Philippines,9433 Rieder Junction
f6815fdb-6035-4689-85c2-c698f5f07d1f,Michelle,Arnold,2-(923)952-4094,Philippines,1354 Shasta Trail
c0f45b58-9e56-431f-abd6-d84a45e1a14b,Annie,Johnston,3-(410)981-6868,Argentina,18 Hagan Crossing
e693cd11-bfa4-4d57-bbd9-5ea317c9aef4,Stephen,Montgomery,8-(436)485-8937,Indonesia,5606 Sutteridge Place
0355d012-0b2c-4539-aa1d-1e0dd65d76fa,Frances,Morris,2-(147)788-0828,Croatia,45485 Scoville Pass
6a4fef8b-913d-47f6-b605-7d150821ff81,Rachel,Ferguson,7-(024)678-7958,Russia,019 Utah Crossing
5eaa5ffe-26a6-4ee6-8d01-e4c8f7b0ac5a,Sandra,Jackson,6-(804)612-6427,Japan,65 Nelson Circle
fbabaadf-5bc9-48d8-bb10-1e228e92f07c,Janet,Alvarez,6-(017)729-3564,Brazil,9465 Lakewood Gardens Circle
0d13de1a-52d9-4af1-a648-6d74810fa60b,Gregory,Roberts,9-(322)340-5362,Poland,27 Jana Crossing
ef78f2ff-feca-446e-9916-01f59827df13,Laura,Harvey,4-(816)976-3212,Philippines,1592 Hansons Trail
3fa8bab3-6c13-49ac-b774-04e660a96797,Irene,White,1-(811)484-4426,Indonesia,3027 Sunbrook Road
4fe7e1cf-611f-4c31-b8aa-4984e8ddf595,Shirley,Watkins,6-(350)007-2517,Brazil,08 Dapin Parkway
53b34a65-6de1-4e76-8eae-82d60f822d3f,Ernest,Wilson,7-(912)575-9010,China,3723 Golf Course Street
91cb9ecf-decc-4087-8760-af33d1d57577,Elizabeth,Henderson,8-(811)170-0345,Indonesia,4781 Saint Paul Parkway
8b98b99b-a9f4-408d-ad3c-0f5b93736333,Lori,Holmes,6-(059)845-5356,Philippines,33912 Burrows Junction
931a9588-3705-4b13-a61e-19359ca2b0ae,John,Hicks,2-(033)770-6761,Nigeria,086 Melvin Crossing
62a98bc7-cf88-4674-b55e-46ebb20cb686,Arthur,Carroll,3-(792)248-6896,Brazil,65 Sunbrook Place
667a9390-a0b9-49c2-b69b-220940a50b12,Tammy,Hall,3-(926)711-9149,Brazil,04 Michigan Avenue
1609ee85-2c20-4b43-bdf5-d6a77bd99222,Mary,Hunt,2-(679)131-1888,Republic of the Congo,5128 Fallview Court
973e7a1f-e312-45a3-8af8-8b8e5ba845b5,Karen,Ramirez,0-(876)225-8249,Serbia,34 Graceland Trail
a36cd8f6-7e9d-4348-ab24-e5c0d418e43f,Jeffrey,Stewart,0-(470)654-9081,Philippines,090 Morrow Junction
6a1ba572-ac0c-41dd-982c-2286bec8e084,Michelle,Freeman,0-(233)904-5992,Brazil,2 Schiller Center
476510b1-bd80-4d2e-92c5-37221ee541dd,Patricia,Clark,5-(092)654-9053,Bulgaria,35 Arkansas Hill
128a794a-4239-4f2c-8ab6-ee712bdca6ed,Julia,Holmes,3-(654)940-2147,Sweden,88741 Leroy Street
49a6dc1e-0535-4d20-b5de-cd734467bc6e,Gerald,Sims,5-(698)389-4572,Peru,51 Maple Wood Drive
861b5094-4c74-4aa5-9e5d-24b986b52feb,Sarah,Simmons,6-(530)774-1218,Czech Republic,073 Gateway Lane
e7f2526b-90d1-49c0-9e76-c29c3ac24263,Todd,Ruiz,8-(704)070-8399,Philippines,554 Burrows Point
aba6e052-3c2e-4bcd-9ba5-3d5512f218b2,Clarence,Henderson,9-(498)350-5479,Nigeria,798 Oak Center
5b67c9fa-1967-4af5-8381-65b0d318479a,Anthony,Harvey,6-(029)692-2681,Ukraine,8 Mandrake Crossing
03358f3f-3403-4c36-a8be-79e990bbdb2b,Charles,Simpson,7-(567)524-4369,Poland,6 Hagan Way
068a6b8f-e375-4b31-8b52-9ef739bf6544,Matthew,Carpenter,6-(672)686-9289,Mongolia,834 Thompson Hill
b9bfa33e-ae55-4d09-8915-202ba8f292e1,Denise,Dixon,4-(992)409-7266,China,94 Tennyson Circle
49293845-5ef9-4b22-83d6-020966f6dd47,Diane,Turner,7-(632)934-3348,Poland,9 Browning Terrace
7b35aac3-2a3c-4cfd-a43a-88ec27953c9a,Samuel,Kelley,6-(930)677-0221,China,6690 American Ash Terrace
2e2f5b58-dcab-43ba-b9b0-2bcb26edc154,Arthur,Richards,3-(872)801-2080,Philippines,68244 Sutteridge Road
e17020a0-3320-4533-87bd-7a552b103ee0,Julie,Montgomery,1-(221)021-0192,China,667 Banding Avenue
1fa11cf7-5801-47ac-a1a2-ebf698ac12b1,Brenda,Cole,0-(552)266-9042,Indonesia,56 Grasskamp Court
a2880ef2-2495-42c7-b010-7b67d3dba14a,Roy,Matthews,2-(186)870-7701,Albania,70305 Del Sol Hill
06e01cf0-ee4e-49cc-891b-12cdb370ef7c,Jean,Cruz,1-(733)293-9320,Paraguay,86401 Carioca Road
c68cb4d5-35d4-44dd-891c-8df98fdb3817,Eugene,Frazier,3-(851)308-9706,China,1 Paget Center
89c86f90-8086-4d8b-857e-198e5de03784,Donna,Bradley,5-(544)939-8878,Sweden,59 Morningstar Junction
0e4e2cf9-ff82-4eae-b657-88ebc29ca101,Barbara,Jordan,9-(132)369-1991,Serbia,191 Buena Vista Pass
8a59f9d8-82ef-4f61-8cc7-c48a94b460e2,Carolyn,Boyd,6-(337)549-9064,Sweden,3664 Dennis Hill
b339ce55-6f90-423e-800c-08c5064e1734,Maria,Jacobs,6-(667)548-0683,China,0515 Hauk Place
11f37221-d307-481f-a69f-94568a62741d,James,Rivera,1-(789)976-6142,Zambia,0 Grasskamp Place
c4c77a4f-a67a-4ded-b941-3fbeb52f98c1,Heather,Bell,1-(167)735-3493,Canada,823 Logan Road
1a22d32b-abc1-40ea-a5f9-2f5af84df771,Walter,Taylor,3-(258)491-0305,Indonesia,91754 Florence Point
10395ce4-075b-4945-a156-ae3f1748c6e9,Craig,Price,5-(998)705-3073,Norway,4907 Spaight Parkway
601e210b-4a62-4c0e-8be4-891bfd16f28b,Cheryl,Stanley,8-(810)333-8924,Ghana,1591 Sachtjen Park
11afcd4e-02eb-4428-a359-007cf920cc21,Jason,Cox,4-(214)108-2897,South Korea,95 Sunfield Parkway
d0cedc6c-f65a-4fa6-9a7a-e773e2651a3d,David,Washington,9-(577)201-5130,Russia,73 Mayer Plaza
4055c738-cc1e-45d6-bc3a-77033d37fadd,Ruth,Campbell,4-(364)990-6699,China,93 Clove Drive
66a7fa7d-b593-483a-937b-211c871a1105,Jane,Stevens,3-(893)596-4035,Indonesia,1557 Browning Hill
9bd50099-1da8-415d-93c5-b7276ed1baa5,Philip,Spencer,5-(042)731-9537,China,35 Vidon Center
beebdd2c-642b-489b-9504-fdeafa6d2c95,Alan,Lee,8-(099)984-9877,Chile,31697 Lunder Park
bb0fc976-5aac-4276-8c82-1bd5c5a64c2e,Mary,Reyes,6-(837)305-2770,Russia,75260 Huxley Street
ff9a9b35-a5c0-42ee-8b9e-0aa8e12898a8,Teresa,Riley,5-(578)909-6580,Brazil,393 Rutledge Pass
cb65b63d-d196-414d-970e-04e6a1a8f5af,Jennifer,Lawrence,8-(094)236-9073,China,70 Pierstorff Junction
3ac26856-243c-465c-82ed-62c0770dbb06,Mildred,Moore,6-(918)578-2824,United States,42690 Kingsford Avenue
ec5a49d0-ed79-46a8-abcb-adcf085689cd,Susan,Bailey,1-(661)780-9518,Poland,0479 Katie Crossing
6d67bc9c-2b9e-41d8-a735-9389dce1c0f5,Lawrence,Thompson,1-(980)122-3713,France,9 Sloan Place
a919ffb1-44ce-4ba0-bb6e-addd67ecec9e,Benjamin,Flores,7-(143)195-8739,Comoros,1 Logan Pass
36380a29-1e22-4093-b944-0773dc57f8a1,Bruce,Weaver,8-(420)602-9477,Equatorial Guinea,96025 Waxwing Center
37d49afa-5f3d-45e7-8c8a-e8b77effa77f,Marie,Medina,1-(559)674-5362,United States,27348 Stoughton Place
941b9dc1-c52a-4370-946a-78d2a7dba35f,Douglas,Boyd,3-(474)993-7548,Philippines,43534 Buell Point
aea9e178-0a76-4200-b19e-d1fc2292a466,Laura,Washington,7-(426)060-3977,Malaysia,05 Elmside Place
0145c101-bc50-41bc-8ab3-3fedbbd2f6ee,Robert,Mitchell,2-(493)581-6692,Nigeria,439 Union Trail
95ac1c7d-4650-4313-8a11-5aff9df936ab,Teresa,Ferguson,4-(845)585-1556,China,0 Valley Edge Point
91faac3c-1e41-47cd-a3f5-b721b59fc264,Theresa,Gilbert,8-(319)863-7864,Portugal,8095 Westerfield Plaza
1653f990-498a-4b2a-beb9-fe95d6bb68a7,Dorothy,Gonzales,2-(056)047-5283,Brazil,9 Brown Center
6b2fe1da-bbe5-4ece-a51c-2527411058ee,Nicholas,Kennedy,5-(545)322-5190,China,4067 Brentwood Junction
4f84138c-5e40-49ab-a504-5a7dcb6322c8,Joe,Stone,3-(340)154-9829,United States,64 Grayhawk Drive
9de577b1-7589-42af-92de-8da3d2c66891,Jeremy,Crawford,2-(548)318-6411,United States,827 Longview Crossing
8e367b24-7b89-42af-a10a-6627116049cb,Martin,Morgan,3-(308)984-4884,Russia,507 Dwight Crossing
799fc185-cf07-4779-bc76-1c51b651d847,Virginia,Franklin,1-(062)707-0519,Japan,13181 Bashford Court
147ae7fc-814b-4c2a-93e2-601e8b5f0dbd,Dorothy,Hanson,5-(308)167-5586,Russia,39 Jay Pass
b34159c3-db60-4d59-8ef2-856aeb931c8e,Daniel,Mcdonald,8-(449)127-9995,Peru,65 Sundown Avenue
f7208d1d-6195-4609-af1e-09c34211dca7,Laura,Lynch,7-(690)715-1259,China,1351 Texas Trail
9216c57e-92f7-4ae3-8c98-8d8ea410e94f,Frank,Greene,5-(897)569-4990,Ukraine,047 Eastlawn Park
b8e2703c-a731-4416-a3d9-513cc067de8e,Keith,Ortiz,2-(374)472-0401,Palestinian Territory,7408 Sunnyside Parkway
046b2599-6fbb-4b44-b14f-484e5d91a624,Linda,Jackson,4-(174)161-8308,Colombia,82 Donald Circle
4618e40f-d6d9-427f-826c-91e4d6ebc238,Cynthia,Palmer,7-(839)583-3131,United States,097 Hudson Plaza
3fc8b6ce-eac2-4e8b-86c3-2c9776ee39e4,Gloria,Chavez,7-(198)899-2074,Malaysia,398 Del Sol Junction
9d6143e0-106e-4755-a84d-79dd9b2e99a3,Jerry,Simmons,5-(544)443-1543,Guatemala,3 Morningstar Drive
a50c492f-2e0b-4f48-b961-8a2f88da7d2a,Katherine,Carroll,2-(035)893-9407,Albania,749 American Road
386af623-2c92-4818-b26b-83024ba05952,Alice,Bell,0-(632)018-3442,Colombia,0781 Brentwood Point
669d9490-792b-4e49-b235-0f92578011a4,Terry,Reynolds,2-(721)644-5423,Vietnam,095 Bluestem Avenue
ec218842-a5eb-4213-802c-b6e84f0960d6,Jose,Martin,6-(910)592-5061,China,6679 Dahle Park
50936829-942a-44a3-8bb8-cc88c4bcb1ff,Barbara,Frazier,5-(827)443-8529,Brazil,5960 Jana Hill
0dbd90ab-2f3b-41b4-b452-e4217a792fbb,David,Harris,5-(753)822-6130,Russia,3944 Main Pass
179a4bda-f889-47c1-9e94-5ca990bc707d,Richard,White,1-(563)140-1836,Bolivia,89737 Mesta Center
51924f18-31f0-420a-9c6b-ddd046fff22f,Lawrence,Wilson,7-(327)598-3789,China,92170 Walton Place
7078d0e4-bf5a-4a79-b05a-18b13305de97,Cheryl,Thomas,4-(913)570-6674,Indonesia,3 American Drive
c2225a58-41e3-4300-8961-d1764ce1fea6,Debra,Sullivan,3-(658)871-5261,China,2313 Carpenter Drive
75dd162c-83d7-4b73-9345-84e2cc32256e,Janice,Flores,9-(730)142-3237,Poland,58 West Plaza
ffc4c75f-c385-4849-b543-698ba6a4cc29,Donna,Berry,9-(480)049-4176,China,7506 Darwin Drive
aec384fa-a945-4ab0-aaa2-e5e7e64de470,Margaret,Hicks,6-(087)777-7282,Guatemala,9 Canary Circle
b0099f16-f26f-4532-8ac8-710c68931d6a,Clarence,Ramirez,2-(634)380-1839,Luxembourg,48 Hollow Ridge Hill
a6c2ba77-1af7-46ef-bec6-2d3d2ac01403,Andrea,Cox,7-(044)228-4823,Indonesia,71 Golf View Crossing
b56c1e9f-da15-41f9-aebc-48652b816068,Tina,Cox,9-(791)649-3288,Russia,49 Continental Park
9826dbaa-59cd-44b3-b1ab-019a456e1311,Antonio,Watson,5-(633)567-0719,Nigeria,0796 Sullivan Hill
5f46638f-f927-4525-bfc7-172c9a826435,Martha,Patterson,3-(801)983-5479,Poland,85126 Northfield Trail
b10637cc-d665-4fcb-9995-60a710c301c0,Anne,Cox,5-(115)491-3964,Poland,1 Lake View Center
cd36cf12-37d8-466e-936f-1871d59cf046,Henry,Powell,7-(342)885-3624,Peru,5 Armistice Lane
f8547cf4-cbd3-49e6-a746-f14283aca627,Kimberly,Mendoza,0-(717)892-7191,China,803 Graceland Lane
b0f87272-9cf0-4cfd-87f7-748f6f535199,Janice,Jordan,9-(442)373-3124,Poland,5 Dottie Crossing
8baf905b-b561-4f3f-84ce-a773cd9dabaa,Wanda,Reid,8-(543)633-0576,Colombia,43 Graedel Terrace
51ca497c-8c0b-4a11-a507-368136309b71,Janice,Carpenter,8-(166)307-0890,China,0734 Bartillon Lane
fed0f0bc-2dc4-4676-93f5-ceec99f2b3de,Janet,Arnold,8-(177)394-8402,Philippines,335 Chinook Avenue
a07aa5fa-0316-4c36-9684-34ffc880bdca,Virginia,Johnston,9-(694)552-2026,Serbia,04887 Lakewood Point
9c91ca36-0ed0-4da7-8747-529f2fdad2c7,David,Hart,2-(836)090-8820,Brazil,74 Veith Parkway
c77fb77d-c1f7-4eb5-89a3-fae4237d5cac,Jacqueline,Hanson,2-(134)271-5159,China,69 Badeau Point
f824a24c-9563-46ac-bdab-bbcc2d28ac9b,Lisa,Rose,8-(050)321-7270,Chile,033 Dwight Circle
d012218e-beee-4e43-ba19-89c17d25b250,Mark,Stone,6-(852)484-8141,Slovenia,8 Sheridan Junction
e209bad8-0770-40cc-a4b1-913dfea893a3,Donald,Frazier,4-(499)676-0648,Poland,43223 Walton Point
622c20a0-359e-4545-8f07-ea734bdd94c4,William,Turner,3-(806)975-8631,Philippines,3 Cherokee Pass
577543ff-5153-4637-a67b-6dae2de0ebca,Joshua,Turner,8-(062)132-6462,Egypt,4418 Rockefeller Parkway
7e62f309-ef51-4c95-b92f-d251e5bf89be,Paul,Washington,5-(625)056-9072,Egypt,27 Lakewood Gardens Street
dc49b7a8-fc81-4b79-81c4-757325110e7d,Russell,Simpson,7-(831)504-6817,Colombia,45 School Circle
6dc2a8e3-e8ce-44a6-b53e-54c7c4524045,Terry,Crawford,1-(503)547-3908,China,45 Gale Point
300b45e9-6956-4535-876b-ab78035dc8ef,Richard,Mason,5-(869)988-4000,Ukraine,843 Arapahoe Drive
27e53aab-9983-44f6-9a4b-ccb840584891,Maria,Payne,8-(352)084-8739,Central African Republic,21 Browning Center
22c4913c-0844-4667-be2a-8553caca8490,Daniel,Burns,7-(459)771-3513,China,3809 Londonderry Alley
495eea2d-29e4-4476-9028-0c436580ca34,Judith,Robertson,4-(516)750-8336,Israel,7 Reinke Crossing
bd0b93c0-1287-4f21-b841-23bc38af12a7,Denise,Black,2-(578)966-7080,Nigeria,8623 Blackbird Plaza
4ef7c2a4-cd30-46c2-9dbc-5076aec6a2e8,Nancy,Hill,3-(154)428-5427,Poland,21 Sachtjen Junction
96b10a94-cd45-4e0d-913a-1f1a61c8fbe6,Thomas,Mcdonald,2-(664)447-8210,Turkmenistan,36 Birchwood Terrace
c13ddda1-936d-44f4-932d-2d723d989bc2,Martha,Fox,8-(291)555-1864,Thailand,769 Mayer Alley
2f754786-0dbd-4ded-81fe-3d03f49ba2a7,Ruth,Nichols,4-(356)447-0895,China,67 Linden Way
cc68ddf2-ac6e-4239-81ab-5ae6826e3a5e,Matthew,Ramirez,0-(086)540-5480,Uganda,850 Drewry Court
a87d01a2-ea0d-43e1-8991-490af397a88c,Randy,Griffin,4-(439)525-6522,Brazil,16 Sheridan Court
848a5844-24ab-406f-b0e7-cd7b14aefe7e,Randy,Jacobs,5-(055)997-6131,China,51 Loftsgordon Junction
1ab416fc-364d-4a17-b516-d7d59b25f87a,Wanda,Foster,0-(625)049-2322,Poland,7 Pond Place
b960ecc1-03b3-436f-b44d-63d03c700bb0,Julia,Ellis,3-(134)407-8147,Poland,9 Leroy Junction
f920d38c-c91e-477b-9672-91b3aa340a20,Steve,Kim,9-(668)137-7632,Saint Lucia,8 Bultman Trail
b8d2d86f-db4a-40d1-947b-7554a88f76d1,Carlos,Harvey,8-(610)124-9021,Oman,38566 Springview Trail
fd6a83d1-f5a2-46df-87d7-ecc1a52f0f1c,Raymond,Perkins,7-(383)590-6857,China,9529 Spaight Point
36a57275-4927-4ad7-ab32-128ac572d74c,Rachel,Wells,5-(614)091-4002,Poland,3 Union Avenue
6827e65f-2fc1-48ec-9c2e-fa85c6a305b2,Evelyn,Carroll,2-(218)532-0190,China,69 Banding Lane
72eb2e19-29f9-4649-8b6f-9e26763c3b11,Virginia,Gibson,5-(661)989-5604,China,04 Grayhawk Point
d5951fc8-e4b7-4495-9488-e73a973ba4cb,Jesse,Hall,5-(382)634-4348,Japan,0750 Stone Corner Place
3faa237a-e2e2-4fd0-a870-d3aa5b98c819,Christina,Simmons,2-(679)045-5813,China,6973 Gale Point
a3ecd974-3aee-4dab-81ab-e9e9a40dfd3b,Sara,Watson,6-(887)341-7887,Jamaica,8036 Vermont Drive
f9fade2b-45a9-425d-9c8c-14f4c5eaee31,Willie,Johnson,7-(712)328-5061,Brazil,4 Hallows Court
dca22ee8-4459-43ad-ab3c-b745acfe3ac8,Sean,Harper,3-(485)678-4114,Macedonia,05531 Debra Terrace
fac93516-1293-4a84-919e-0ba49a8a6b7f,Kathleen,Hanson,0-(465)521-3557,Japan,84 Declaration Alley
1d29f663-842c-48be-a168-712baaadbbe7,Dorothy,Burke,0-(826)921-5071,China,89291 Gulseth Court
753bc972-8db0-43aa-81f7-08170610d6f6,Terry,Martinez,7-(573)723-7868,Mexico,9637 Bartillon Pass
9a5f7cb2-c9e5-40cc-9b5a-f8e4bd57941a,Lois,Ortiz,2-(383)139-1504,China,39 Roth Circle
95c91ee4-cfc2-44a6-ada9-fc2fffb7e246,Stephanie,Jackson,0-(531)146-5653,Vietnam,01050 Clove Circle
091f3ec0-3ec1-494e-8f0d-a6d826558e77,Scott,Willis,5-(282)560-8767,Italy,02502 Superior Plaza
cf5f9483-c0b5-4563-908e-0cb9392b3286,Ralph,Sullivan,3-(225)918-5159,Sweden,649 Hoard Drive
e11845f2-bb0e-46fd-b632-b9c9c01817de,Norma,Lee,9-(488)813-3794,Malaysia,23340 Old Shore Way
00cd1f29-6967-4327-bf90-efc47dde93dd,Donald,Barnes,3-(200)609-1323,Pakistan,735 Ilene Place
0ab2ab52-838c-4d6d-8ed8-cfbea641d36d,Joseph,Vasquez,8-(165)869-8569,China,23764 Eastlawn Drive
2533515a-e28b-4646-b0ae-5cdbaf261915,Carl,Burton,6-(876)040-4646,Philippines,59777 Springview Avenue
790b199d-814e-49d2-aca6-7bff63ef3f1c,Alice,Taylor,0-(527)372-3821,Ukraine,157 Sundown Junction
bc603c8c-e3fd-4ff3-87db-18edd004f8b0,Katherine,Jones,0-(010)827-2509,Brazil,14749 Maywood Avenue
7bdfdb66-d5d5-4ad9-ae05-af8780e1bd0e,William,Reed,9-(479)945-3427,Russia,68671 Messerschmidt Street
66b382ec-c87e-42d4-94ff-a75f6fdafdd8,Paul,Castillo,5-(385)367-6936,Malaysia,255 Cottonwood Circle
5548a6ee-af24-42c9-be8a-8314f6a95be0,Billy,Davis,8-(848)921-9127,China,77 Washington Center
e0f86b91-c840-4804-b203-99765e7b723d,Nicole,Evans,4-(623)558-5477,Poland,60706 Del Mar Place
b5787ec8-6a48-4fcf-92ef-9231ede1dbf7,Christopher,Rivera,1-(915)229-0383,Poland,83 Londonderry Alley
05c068ea-3d77-4702-9aae-93f743e17cbc,Andrew,Howell,4-(693)443-8861,Sri Lanka,9 Hauk Park
6c192250-c94a-43ca-8205-334b40cb182a,Nicole,Sims,8-(481)821-4448,Argentina,9 Maple Wood Trail
b9a0a4ab-f091-4d66-b1ac-371ba2b12e23,Beverly,Flores,1-(621)021-1852,China,5862 Clyde Gallagher Way
808bab36-46ff-43db-a0d4-d99284380fd0,Emily,Johnson,6-(161)764-1538,Indonesia,01360 Independence Avenue
723daecb-977e-4ee4-9464-bc2dcc34adb5,Ryan,Kim,6-(478)764-3402,Indonesia,8 Paget Alley
35f6ceff-6610-4f3f-a06c-7806be5f20ae,Henry,Stevens,1-(981)511-5885,Russia,098 Hansons Lane
8d8d4ad3-dae4-437c-a9ff-4b4d1c020882,Teresa,Butler,7-(292)526-1128,Tanzania,803 Lien Junction
e0e99186-aed5-4e75-b8b3-bc68fd1a5ad9,Eric,Peters,5-(195)049-8859,China,99204 Cherokee Parkway
ddb1a590-cbf9-4429-8033-240c0eed4b33,Billy,Richards,2-(439)200-9222,China,0850 Hoepker Street
6d02e643-34dd-43f8-81ee-84df10b4cc8b,Kenneth,Campbell,1-(014)720-3873,Croatia,41 Waxwing Terrace
6442a7f5-e879-48ee-8b72-757072ebcc20,Jacqueline,Simpson,2-(812)325-6474,France,413 Barby Trail
99e979ff-b436-462c-a128-2ca9b87d0167,Russell,Dean,4-(070)604-3178,Portugal,582 Stang Court
b5e3bc53-0d43-490e-864a-b8fa06e263fd,Irene,Hicks,1-(367)571-9621,Indonesia,24 Debs Plaza
ebd4bc00-0e39-44e2-9386-9d01a916973f,Kimberly,Reed,2-(668)446-6385,Brazil,2 Oakridge Hill
7f0d637d-b829-40aa-b8b7-6f3cf927d4eb,Pamela,Pierce,8-(170)006-8344,Albania,558 Carey Hill
6a706546-ed95-4822-a0aa-2883fd3d2f21,Jonathan,Stevens,3-(701)480-8385,Cyprus,6744 Prairie Rose Street
acce03fa-2901-4486-a690-37bdb3e6d763,Donald,Elliott,3-(607)138-3696,Mexico,1731 Paget Avenue
b5c2cc7f-26cf-426c-99c8-56fefe39c234,Jeremy,Wheeler,0-(657)608-2493,Nigeria,253 Gulseth Court
69d13eed-e985-4db9-98f5-48c2dc515699,Nancy,Hansen,4-(574)507-4953,Costa Rica,73 1st Plaza
09ff64c4-bbe4-45af-8153-1ebaee6a24c9,Ruby,Day,7-(564)549-0025,China,42748 Village Place
cc9dd559-d0e1-40f8-ab8f-bfd74e588fa2,Heather,Berry,2-(990)579-6379,Indonesia,7204 Dwight Road
43047033-9b4c-4cf5-afda-d7b0904d4b84,Lillian,Smith,7-(328)333-5793,Indonesia,932 Lindbergh Avenue
ac03b194-49af-475d-8ddb-712c6a4f721d,Sharon,Washington,2-(907)612-5097,Guatemala,775 Gateway Pass
c73bff9f-2e4a-4cf1-9614-035030abe18e,Nicole,Bell,1-(311)364-6471,Argentina,453 Sage Way
639b950b-e0a2-46e4-a7f9-f9c0321cfb26,Martin,Vasquez,2-(714)096-7145,United States,58 Sommers Plaza
276eefa8-e1e4-49b1-9d3e-9968bb13f6b8,Russell,Thompson,0-(588)711-0236,Philippines,2 Declaration Pass
fd51ef3e-712b-48d2-8e5e-1adad3fe90d6,Anna,Greene,4-(786)908-2354,Indonesia,69 Sunnyside Circle
5cd3fd03-4d66-4f57-beea-d62bd9736a50,Anthony,Schmidt,3-(916)306-0517,Finland,9614 Fulton Plaza
231e72ce-43e5-4bad-96bb-3f757016d63e,Kathleen,Welch,8-(963)488-7956,China,14544 Rusk Crossing
351a47c3-3615-490e-a052-16b2d23ce2a9,Lisa,Jenkins,4-(936)290-0819,Russia,72382 Esch Circle
ffbdeb16-f252-4b8e-9425-56f560ff7b77,Roy,Russell,7-(749)199-4667,Macedonia,618 Briar Crest Hill
248bede0-5bc8-4a88-be56-3b75497fc20d,Cynthia,Morris,4-(513)218-7515,Afghanistan,82 Stephen Pass
a0140c0e-aee9-4b3c-9481-2f25aef3d29a,Deborah,Martin,4-(334)552-9842,Indonesia,4131 Miller Terrace
60dc1a1e-9664-4bb4-bfcc-ff87aa3b4920,Tina,Jackson,9-(584)108-3414,Reunion,085 Northridge Lane
d693bfda-10c0-4daf-839b-51d20f998f26,Roy,Gordon,6-(952)868-8852,Luxembourg,117 Welch Road
f9138831-5245-493a-a7a6-23a28769f4d1,Eric,Coleman,0-(574)916-6216,Pakistan,023 Mayfield Park
9ef3ef4a-5476-476d-8b1f-5eb0080b1e3d,Gloria,Cox,7-(425)488-1224,Sweden,67404 Thierer Park
2251d43d-a697-4dc0-b216-d15596247ed7,Rachel,Marshall,3-(490)416-9206,Russia,910 Hagan Junction
73cc1195-3a57-431e-80ba-f57ea2d1e6b8,Jeremy,Ross,0-(841)792-5291,Portugal,52362 Old Gate Hill
76b4e7e6-3eef-4356-a293-4390d3034dc7,Albert,Wallace,6-(630)207-0226,Philippines,237 Shelley Road
7a9092ee-9679-407c-a8ab-caaedd9252e9,Shirley,White,0-(322)310-6377,Philippines,9 Rockefeller Terrace
4933424a-f6c5-4f73-a8bc-7bb1d771c1ea,Albert,Flores,8-(156)096-3237,China,4487 Autumn Leaf Road
c5d6739f-3c4a-46a2-98c5-c9efe9d5e161,Willie,Morris,6-(236)064-0381,China,17048 Crowley Point
2107a7f9-e727-44b3-abd8-4ebb8985980f,Rose,Gardner,0-(635)058-2426,China,27656 Valley Edge Center
2269a4bc-4040-4941-b165-cf6b9a3ee724,Johnny,Wright,1-(204)526-6838,China,749 Judy Circle
a13f3411-4a71-471d-9e43-67cde00b728e,Edward,Fernandez,8-(927)555-3146,Syria,64 Bayside Trail
1dc06f19-e9df-4144-bc28-c1a889b39515,Brian,Ford,8-(662)586-4506,China,7 Hazelcrest Point
6c173e9c-1cee-4892-b0b5-6733ea3d8e31,Joe,Roberts,3-(636)225-7224,Sweden,3566 High Crossing Pass
026e8298-32f4-46e8-a779-187726388415,Todd,Alexander,6-(932)114-6700,Ethiopia,7 Meadow Vale Place
c8a742a1-8a7f-447b-8c2c-4dfbbf14dde9,Harry,Graham,9-(584)032-2616,Indonesia,181 Schurz Center
d2c22acf-e3a1-4afa-aaae-e500b15c617a,Roger,Elliott,6-(740)561-0418,Indonesia,001 Mandrake Avenue
0439ca87-cb57-4ec7-bb42-5b0dedb37e0c,Edward,Owens,5-(475)182-7912,China,0654 Pennsylvania Street
111c4a23-7a8b-4926-a168-0cac97ea48bf,Christopher,Phillips,2-(570)809-6269,China,2845 Grasskamp Avenue
15059b40-ac52-432e-a868-81c190aaf518,Michael,Richardson,3-(033)253-5868,China,33296 Pawling Parkway
2470e4e8-a210-4cd0-a30e-54b5e3cc8709,Sean,Reyes,1-(221)847-2786,Honduras,909 Forest Center
0cf37948-9a8c-4831-91cd-e272b696519e,Angela,Knight,9-(988)154-6553,Indonesia,4368 Hansons Center
06985118-1fbd-498d-846d-3ed9092cbdb0,Theresa,Scott,7-(595)608-6583,Thailand,27 Elka Plaza
3f5b2ad4-64a0-4ffb-abc7-09869c0488a0,Charles,Bryant,5-(001)254-6872,Gabon,5 Mayfield Trail
a6409eb6-684d-4f5d-9a32-ae774d828d10,Jesse,Carter,1-(947)719-1444,Japan,8826 Muir Road
5e260e7d-d74d-492c-b157-00e3c26d3529,James,Hunt,4-(371)612-0947,Philippines,6009 Waubesa Drive
c62ef2b3-09f5-4e77-97c7-3c3c6937ba2b,Christine,Mccoy,6-(373)793-2463,Brazil,2696 Tennessee Road
506590c0-9260-4ee7-ae56-c6eb4327dbd9,Kelly,Reed,7-(655)878-7475,Peru,1 Dunning Crossing
a22633ee-fd40-4ab3-9b4d-bce8a0f829cc,Harold,Castillo,4-(067)623-2912,France,16 Rieder Drive
c4727902-03cd-4571-b51e-4e29a70e2e79,Keith,Sanders,3-(482)670-1557,Colombia,523 Bellgrove Terrace
4adb901c-f202-4a7b-a2ca-8002686e25a9,Russell,Bryant,3-(862)396-0738,China,44 Mcguire Avenue
b5f96ccf-56ba-44b8-bc70-6133dcb168f5,Bonnie,Hawkins,7-(819)784-9379,China,55 Vidon Place
1fec5937-dc4d-4777-b260-1cbaff604aed,Nancy,Rodriguez,7-(819)018-2433,Indonesia,394 Graedel Way
b7cd685f-e412-42a8-99b6-3acb81c55e36,Debra,Cruz,5-(739)487-5021,Iran,6432 East Terrace
a2842506-e1d2-4cb7-99d1-e6d19a8f56c9,Clarence,Lee,3-(248)966-4992,China,1492 Logan Pass
e1e7cc94-39cb-4d12-a99d-38b99100ae75,Matthew,Young,4-(306)762-4736,Russia,479 Johnson Terrace
8fb7d936-17c0-49fd-8ef3-9b81b1f96cb1,James,Howell,5-(467)635-8962,Brazil,42918 Armistice Street
dc1a3ed7-7e96-4847-af33-bf96fe8f083f,Virginia,Hicks,8-(142)339-1531,Kenya,90 Declaration Avenue
28ee522e-5173-49e8-8a99-651abfc54697,Mildred,Garrett,8-(508)836-2089,Yemen,7792 Lunder Lane
6bf8a9b1-8510-4d8e-b1fe-e6a8f454b483,Jeffrey,Crawford,2-(950)491-1943,Canada,34162 Florence Avenue
6185de81-8bc0-4742-8f16-a3e73a8764bc,Philip,Ryan,1-(605)474-6789,Russia,6 Waubesa Avenue
9a5ca45f-7df7-43e1-9c6b-a523560dacc7,Terry,Hunt,3-(162)440-3832,Russia,6171 Forest Dale Alley
5badcfc1-67fa-4851-8e4d-5b9fbcd5c75d,Jose,Boyd,6-(844)952-5744,Liberia,560 Novick Place
f7107c0e-d4d9-44b7-9c2d-6840f092bfd5,Roger,Hamilton,7-(663)178-1595,Honduras,74321 Scofield Avenue
9d86d0ee-9e12-42ac-80ef-98b4b54feb89,Theresa,Dixon,6-(729)968-0854,Portugal,52 Mccormick Court
34f5c23d-c528-4689-b1a9-9669329f0341,Janet,Medina,3-(309)207-1327,China,1755 Knutson Junction
1761e67d-ecc2-402c-ad70-18ca54a1174a,Tammy,Lopez,3-(933)678-3445,Poland,15 Del Sol Crossing
8d4da01b-6b76-44ba-87bf-3be088de3a09,Harry,Lawson,7-(937)804-8424,Greece,6 Clyde Gallagher Place
c7f6c5e8-17f5-42cf-8212-e5464ca1c89a,David,Mendoza,9-(844)316-0530,China,66 Fisk Terrace
da5c7bdb-ce93-4f9d-968e-2c5244ac1b6b,Judith,Gilbert,0-(492)729-4922,Chile,5 Waubesa Park
5d53d245-62ab-4a18-b393-5548c71c932b,Betty,Garza,2-(721)256-1855,Russia,5 Armistice Road
99007ab9-ca6f-489f-851d-6afaee8131a9,Louise,Fuller,4-(991)920-2382,Bulgaria,77 Brickson Park Hill
9206101d-0a6c-4abe-9dc4-b8320dfccfdd,Brenda,Long,5-(492)328-4664,China,521 Derek Hill
b9434f35-16a1-44d8-a6ea-3921a0470780,Andrea,Morris,1-(454)199-3174,Indonesia,76198 Erie Court
5c6f1ddc-313a-4cd9-abcf-7030e88bd1aa,James,Fields,7-(500)923-8247,Finland,3 Ridge Oak Plaza
9dacb6e3-5fb3-4454-8011-6449c1e244fa,Richard,White,8-(911)358-6752,Indonesia,7 Nevada Place
b8962eeb-69db-4573-8b64-3965c8b96038,Jack,Ross,4-(611)004-4428,Malaysia,305 Welch Parkway
9d7fd9cc-ec93-4446-b007-19cc4f2efb86,Albert,Richards,1-(220)720-0977,Afghanistan,19 Prentice Way
938e33dc-6859-4856-91ee-998ece8904b3,Andrea,Greene,4-(837)315-0760,Indonesia,4545 Starling Circle
5198b881-ccfe-445c-80ac-8a67e015fb09,Ashley,Cook,3-(924)673-7102,Sweden,46708 School Court
dff4bf63-4c58-4875-8178-296f63c35d96,Kathleen,Hawkins,6-(049)002-8739,Indonesia,98 Rieder Court
1fb2238e-b2ef-4bab-bc3a-733500400aea,Brenda,Shaw,5-(603)747-9793,Indonesia,89542 Sugar Trail
57e05f72-549f-4ad2-bdcd-fedfeb36d16a,Douglas,Fields,4-(870)812-4096,Comoros,3899 Kinsman Center
a622f8ec-f90d-4da3-b2cf-b813733ad553,Shirley,Greene,7-(305)821-7890,Portugal,4 Marcy Terrace
d41adb17-a939-4cbb-bd48-d76cf0f0d4bc,Sharon,Moreno,4-(423)439-3358,Thailand,201 Eagle Crest Street
6a5f7f44-d42b-40d0-bfb8-63ac5ceae81e,Adam,Murphy,4-(198)288-9624,Ukraine,5 Spohn Circle
b36fc154-6192-4f5c-acb2-2b1c89b6b122,Jonathan,George,6-(084)397-0281,Russia,54 Evergreen Center
82a2acb5-794a-4f83-8555-d1199fb8e3f6,Kimberly,Harvey,8-(105)548-1475,Indonesia,48 Superior Terrace
f47655a9-8762-4076-bf5c-22b8a09fbe69,Jane,Hudson,5-(695)886-6470,Albania,7516 Mesta Park
d62c1e3d-1571-4115-ade0-23331ec99d46,Doris,Carroll,1-(548)871-7003,China,33182 Goodland Trail
fa9a1bc5-29c3-4b4c-a0f0-1b25b87c0f6a,Nicole,Jenkins,1-(816)190-8826,Portugal,63841 Scott Way
e79d36c0-e734-4030-a83a-21df8533488a,Joe,Hunt,2-(491)113-7521,Russia,53 Ludington Way
d3df800e-13b8-41ea-bcce-eff811b67ca8,Jeffrey,Willis,5-(146)666-9522,Philippines,7621 Bartillon Circle
f8aa74aa-c2e8-4d4f-bd38-ae3679e9c651,Gary,Larson,5-(430)719-6046,China,9 Towne Point
10d2d417-fa91-452b-9b86-735fd7cd4317,Carl,Gutierrez,2-(019)665-8133,United States,2255 Pankratz Circle
991457e8-d6cf-49a5-a777-c795bed8bee5,Philip,Nguyen,9-(413)236-2537,Poland,9 5th Way
2b710349-1cc8-49ec-94a6-0923e79cec5f,Nancy,Ortiz,8-(089)131-3348,United States,61 Washington Drive
94747068-ad68-4021-ba25-1797a45be459,Sharon,Elliott,7-(363)941-8732,Finland,40138 Blue Bill Park Way
14a28240-0f45-4a36-833e-40f971be18b4,Frances,Garrett,2-(917)849-6160,Ukraine,17109 Lighthouse Bay Park
8e1670a7-51a7-4333-ac3b-3f3472da11f1,Todd,Jordan,2-(936)281-8935,Thailand,0 Lakewood Gardens Park
231a176c-45e3-4a93-983d-a19af06efd5b,Rachel,Evans,4-(562)717-7996,Indonesia,5 Union Point
a17d13ba-7aab-41dc-8955-ef472ce2f527,Gary,Garcia,0-(636)128-0504,Finland,8 Upham Drive
98b020d3-6616-49c3-97c5-daabcab9a517,Pamela,Kennedy,0-(414)600-9460,China,545 International Park
e63baadc-b315-4026-a8f0-2ded486c051d,Wayne,Gomez,0-(194)413-8385,South Africa,172 Hazelcrest Avenue
1d76cb77-85dd-4e8f-a33a-88c232b03c8c,Rachel,Bishop,0-(448)941-3421,Philippines,5295 Maple Wood Place
14739045-af1c-435d-b966-ae1114f049b0,Lawrence,Garza,4-(432)868-3457,Moldova,67970 Farragut Road
61014019-3b7f-49ea-b51e-c39d5da95e68,Brian,Hanson,3-(614)941-2965,Indonesia,462 Grim Road
8ac2821a-9a0b-4cc5-ba7a-7c16f7ae428d,Joseph,Kelly,2-(356)030-6107,China,71527 West Circle
a4f2a1b0-bb86-4834-afdf-99c26202d212,Shirley,Henderson,2-(446)518-8296,Indonesia,635 Lakeland Hill
f4e4af5e-d5c0-4a43-8dfe-2e06f4f9b583,Brandon,Morris,0-(431)888-5239,China,17 Towne Avenue
dda7327e-7be7-4821-b99e-4639ee5593b6,Kenneth,Allen,7-(646)783-5212,France,0330 Lerdahl Alley
696864e4-4411-4b09-95cb-189299c8a067,Paul,George,7-(900)667-2821,Botswana,14654 Arizona Trail
4f8e849d-d9eb-47cb-9ea1-a578c4798a7a,Roger,Nguyen,1-(597)475-7942,Finland,50292 Corry Hill
e01cb2a2-3238-4608-a41d-d518691dceae,Laura,Tucker,9-(562)832-7455,China,74 Becker Parkway
96fc7e17-4c0a-4df5-bca3-e84aa83ce593,Rachel,Hunt,2-(502)344-4830,China,9 Roxbury Point
6f9641c8-a338-4fb9-9472-9d06c3dfce06,Rachel,Hill,1-(907)822-0703,Ukraine,9187 Pine View Road
bed1b803-cafa-4359-81de-3d6b584a0d09,Daniel,Hansen,4-(132)645-1880,South Korea,13042 Fairview Point
0d2f22ad-3c37-423c-affb-8ada28d5d66d,Arthur,Berry,9-(692)789-0410,China,24 Elka Junction
a2413350-3eff-4e0b-9f7b-e7dfc48cbc1d,Joshua,Johnston,4-(324)499-6589,Nigeria,54 Bunker Hill Center
834ac4dc-d349-4a89-a6a6-8c123e9a202d,Arthur,Turner,0-(749)349-5896,Ivory Coast,27 Division Road
d3f50b29-e7b1-464e-a187-594230905832,Lori,Arnold,7-(136)317-9993,Mongolia,1 Forest Trail
e15dddc2-9179-4fdd-beff-3d6e6f485f8d,Deborah,Hughes,2-(329)005-4620,Philippines,574 Barby Plaza
f10dd574-1d8e-4350-a614-3916a14bed0e,Paul,Fowler,3-(916)710-2164,Ukraine,33934 Arrowood Alley
1866cfa1-6790-4003-a279-98678e4009db,Justin,Gonzales,3-(108)387-8764,Syria,0 Buena Vista Point
607e9950-ef85-4c42-90f3-1719ca886b0f,Matthew,Hudson,7-(557)678-1426,China,0 Harbort Hill
6af9327b-1095-48bb-aa01-7a75d9337ad4,Angela,Murray,1-(694)842-1645,Brazil,82476 Annamark Drive
e9c2a601-9e7e-4fc3-a73a-c2d28a5f334a,Craig,Chavez,4-(559)275-2842,China,1 Larry Drive
5530dc4d-61e4-420e-88cc-516ced935ac8,Timothy,Reed,3-(733)319-9778,China,417 Elmside Street
1335098e-da6b-4700-91ff-dac26e531231,Raymond,Baker,1-(240)323-3278,France,256 Washington Plaza
16eb6fa3-6ea1-4bfa-8e98-83361147e042,Arthur,Henry,1-(252)112-9681,Brazil,242 Linden Parkway
227930d3-e6f3-4c22-a6b1-56f1e5f77a08,Eric,Burke,1-(224)687-8799,Czech Republic,32047 6th Street
c58ef2b8-a212-4f89-8b11-0096cb9b4eb2,Kevin,Perkins,9-(599)611-7570,Palestinian Territory,2 Eastlawn Lane
6b595b27-93d8-48e9-8d97-30b5b9e31c5f,Laura,Snyder,1-(281)623-3074,Philippines,240 Vidon Center
02ef8809-ab64-4de2-a42d-ed46743ffa92,Shirley,Hernandez,8-(427)331-8344,Portugal,21254 Emmet Hill
a49e60c4-b102-4e29-88c3-584755107fe6,Philip,Cook,6-(452)212-9830,China,230 Mitchell Circle
4d523a51-6115-43f4-a070-0efdd1aee030,Ralph,Montgomery,5-(689)870-9266,Iran,1 Fremont Junction
36e0b235-3a64-41e8-a606-86963c1ec353,Carlos,Woods,6-(738)261-4081,Brazil,9039 Dixon Trail
c0bd9233-a784-46c4-b261-ad7c387e59c8,Juan,Harvey,1-(250)192-8422,Colombia,7 Badeau Terrace
6ff10445-4ef2-42bf-8fd0-aa0596377806,Eric,Gonzalez,7-(826)558-5425,Russia,4286 Lawn Place
3dacbd53-72ca-4fc2-821c-d1134ac908ee,Clarence,Garrett,8-(579)929-2997,Slovenia,505 Columbus Crossing
c2275221-6c96-4535-8ac1-5a454a07c91e,Sara,Owens,6-(322)168-0307,Guatemala,9294 Bellgrove Crossing
20740af9-a98b-47c4-bf8f-cd25dc254893,Lori,Watson,1-(193)543-1908,Greece,2 Algoma Court
bb14a1f7-9c63-48ed-a1d5-765514ca0392,Eric,Reynolds,3-(201)340-4939,Belarus,9859 Rutledge Parkway
66c6eefc-d3c2-4119-b17a-ed681a24f28c,Melissa,Kelly,8-(459)474-4136,Poland,288 Steensland Park
4f402964-11ee-46c1-9911-b00784f21cac,Daniel,Fox,0-(656)078-2771,China,5 Jackson Parkway
b5541017-8950-48f8-99bc-bc445a8c2f51,Ruth,Hicks,9-(982)150-9579,Canada,7563 Oneill Drive
92a5badb-349d-41a4-8a9b-78ef526df11d,Christopher,Ellis,4-(758)130-6514,China,33884 Linden Plaza
75a1c1a9-841f-4dc6-b192-bc910549fd31,Mark,Burton,2-(730)644-4489,Indonesia,96987 Maple Wood Circle
afbaa112-fd86-48ed-828f-d6255e5ff76a,Keith,Parker,1-(490)755-9393,Iran,0465 Dayton Trail
86d52ad2-5eb9-448c-a0a0-167a34e22ae8,Gregory,Rodriguez,6-(277)651-5138,Tanzania,474 Acker Way
8c513372-ab31-445e-b946-6ad3ca1c16bf,Sean,Elliott,8-(296)472-3494,Russia,3856 Roxbury Circle
c9373322-bf2e-43af-8ae4-df1c24b4ee7e,Alan,Sanchez,5-(485)290-7015,Russia,74 Fair Oaks Hill
d0fe4b3f-ac52-46b4-a3d6-453df8910464,Carl,Bradley,3-(088)617-9238,Indonesia,06 Sugar Point
1b680d29-dc33-4977-a326-2c555dc23bd7,Emily,Wheeler,2-(647)579-6225,China,4912 Mesta Trail
21b9ae66-1a1f-4db2-9bd9-cafacb7f301a,Kimberly,Ray,7-(991)189-0213,Philippines,2 Lakewood Gardens Terrace
ed63b5ab-4104-4ea3-9820-4ec0d28012c1,Kathleen,Miller,3-(535)258-5774,Nigeria,343 Evergreen Street
c83a3479-d7cb-4e9e-b230-66968d6f8c38,Janet,Murphy,6-(361)258-4140,France,4 Porter Lane
2ac6709e-82b4-4dcb-9ce6-3f24414b04c9,Ernest,White,3-(530)054-4883,Sweden,94554 Lawn Circle
bf38660a-76c7-4f3b-943c-1d61906ab852,Marilyn,Jacobs,9-(370)425-7277,Mexico,615 Graceland Avenue
2b606f45-0c15-4e44-8ad7-9412bd66875c,Carlos,Lewis,5-(039)456-9230,Armenia,99 Holmberg Plaza
20d473e5-ea68-4c11-88cf-1ac3c5b77f73,Johnny,Ward,8-(417)531-5670,Brazil,92 Gerald Junction
b47b1ff1-837f-43bb-8065-bca61ef81ace,Richard,Myers,5-(155)795-9637,Democratic Republic of the Congo,9 Clove Circle
8e1bdfbb-4358-4bcd-a2cd-771afb179864,Ernest,Simpson,9-(467)260-2425,China,224 Warner Parkway
436fcf60-03b2-492f-a04c-231ab2402812,Virginia,Andrews,3-(512)952-6705,Brazil,06542 Namekagon Pass
e0b46586-d598-436b-8ee1-578c02f1cd53,Lisa,Hicks,9-(966)659-5738,China,36 Utah Pass
d8762898-d2e1-4ac9-8710-e5370ebeb7c0,Pamela,Gray,6-(044)180-6719,Ukraine,52 La Follette Circle
4cb91f44-8098-45d7-8098-4071cc03afcc,Kimberly,Hall,2-(281)413-9607,Brazil,918 Calypso Pass
3e61f8ab-ce7a-490a-93a6-183f9b932ca4,Mildred,Martin,6-(513)691-0055,Russia,15775 Mccormick Park
42de3bd6-3064-4fc0-8d5e-0a5e1e2911e1,Pamela,Brown,6-(535)535-0592,Jamaica,9473 Anhalt Trail
e7ced9fd-2bf0-45e0-96ca-03b0118df600,Ralph,Smith,7-(745)168-8432,China,2 Linden Lane
ab5c4b77-d571-4657-8224-3a727ffbf5c8,Ronald,Holmes,7-(968)693-3679,Philippines,5559 Lyons Alley
6a01031e-9c83-4943-8b97-4f1c8797eabf,Joe,Robinson,1-(039)151-1552,Tunisia,28889 Melby Pass
78421f1c-fd06-43d2-80e4-4f5da5651682,Nicholas,Harper,5-(321)386-3868,Indonesia,82 Del Mar Avenue
d33c0367-d395-4e23-baf9-a6db112bf54f,Ruth,Ward,1-(716)033-8310,Yemen,64984 Bellgrove Plaza
c5f2c230-798b-4278-9c2f-7e4067a37bdf,Jessica,Sanders,2-(402)166-8283,China,6619 South Crossing
7f2504bb-db3c-4da7-82a4-05cc2fd26bff,Gary,Morrison,7-(385)025-5302,Ukraine,6580 Fair Oaks Lane
c304f5fe-4175-4e2e-9f15-047f92f8e745,Lisa,Larson,3-(802)642-9457,United States,5530 Corry Center
96ebf04a-f9af-4612-9c00-d42469acf619,Brenda,Dunn,9-(687)869-9781,Sweden,51 Bayside Trail
bfdb7363-650f-4588-9638-78fc53461362,Barbara,Kim,8-(901)993-6560,Peru,2114 Rutledge Trail
2ba009e3-284b-449d-9fc0-30be41a39830,Scott,Boyd,5-(912)829-8993,China,83 Sunnyside Place
364d44a2-d7f1-483a-8506-ed8888128b27,Russell,Washington,8-(119)790-4092,Greece,06908 Doe Crossing Junction
2f48535e-c3ea-490d-932b-be085ef5726a,Beverly,Murphy,3-(662)836-9579,France,7 Stone Corner Avenue
fdaf587d-51ba-43a6-a1df-6bb4021a79cf,Sara,Hill,7-(602)209-5139,Poland,68 Clarendon Drive
6d36afdd-09c1-408a-9649-5c6c5be9834b,Henry,Bennett,3-(692)702-8746,Thailand,2793 Elgar Parkway
c5df98e6-45cc-4f02-86f7-e7ae016d710e,Jane,Bowman,7-(790)657-7813,Poland,5 Vera Pass
f79d5c5b-6266-4d28-ab85-eb07e4e3a48a,Nancy,Hudson,2-(514)472-4412,Czech Republic,0576 Ilene Terrace
30d02178-c019-42ef-b06f-f372e7f1adab,Cynthia,Austin,3-(673)769-5896,Brazil,8 Kinsman Pass
0248aa41-d134-4b1f-a825-9b0d380064d3,Benjamin,Gibson,6-(809)132-4058,Philippines,70321 Dawn Junction
9f4f1b47-1efc-4fbf-993d-fe45568b0ec3,Joshua,Gomez,4-(985)151-4283,Bangladesh,03 Sutherland Terrace
1b4611a5-1660-4664-8ef5-0524a85b30d3,Steve,Ellis,5-(948)751-9149,Russia,5044 Pine View Avenue
ff0e235b-9eb1-4409-a9b9-364f6872ba84,Henry,Henderson,0-(575)204-3259,Tanzania,22515 Thompson Crossing
e50eb6e3-6511-45e9-92c5-bc726f3fbd0d,Laura,Ferguson,1-(791)026-9400,Czech Republic,47 Raven Avenue
753cf13d-1f79-46bb-aea1-29135600cd38,Marilyn,Gardner,7-(329)871-1003,China,6 Menomonie Junction
7539c324-89de-4a32-a402-43b53a73d1dc,Joshua,Harvey,2-(362)095-8703,Portugal,0 Warbler Road
160018f7-6056-4cc0-81ae-4b5feb7c6a97,Nicole,Mccoy,0-(866)144-3792,Philippines,5 Harbort Park
463cabc2-29df-4887-8e51-ad631d97fb61,Catherine,Medina,0-(491)759-5198,Ukraine,2 Elka Road
8234cd1d-81f9-47e2-a8c4-c9e79df57ff3,Juan,Montgomery,2-(900)997-4126,China,42 Brickson Park Hill
d56509e8-a42a-4dbf-b06a-6167e78885e1,Rebecca,Miller,6-(726)205-6924,Poland,88 Green Ridge Parkway
a268d9e1-2e3e-4e92-bea9-d5c10b99e906,Joyce,Marshall,1-(924)813-8541,Uruguay,91814 Merchant Center
b88d1006-e5e5-4d91-aa4b-4d782ad4870a,Joseph,Wilson,3-(502)794-7046,China,306 Killdeer Drive
7d2fa018-832e-4a13-9c7e-7b157a4254da,Jonathan,Jordan,7-(692)187-5061,United States,9 Namekagon Avenue
63341364-1f3b-4124-9a73-fc5b3707f802,Timothy,Burns,4-(131)509-8931,Brazil,89841 Pawling Avenue
59a09d6b-dd70-4648-b2c3-f355b582d924,Joshua,Evans,2-(682)108-7928,Russia,903 Badeau Trail
35adacfa-9000-43f5-9981-30c8b34d7f5b,Amy,Powell,1-(312)751-6842,Russia,23 Mifflin Point
0d0b7b8e-e3b4-4833-9e8d-d00e8e9b8aec,Joshua,Robertson,2-(235)643-7347,Panama,0950 Fisk Road
85057d0c-0b1c-4c36-8634-75a759b254c9,Tammy,Barnes,2-(176)420-3209,Spain,327 Reindahl Pass
42fc73b3-b0fc-4c08-ae85-54ca8c68a590,Helen,Day,4-(332)860-7590,China,4962 Westport Crossing
0d8547d0-4abf-4cfa-aace-1d2f3d327e75,Bonnie,Hicks,8-(036)540-8746,Afghanistan,3 Heffernan Point
7a2afe59-cea7-4c74-a2d9-96b8df52b8ff,Matthew,Dunn,2-(108)859-6602,Macedonia,0131 Namekagon Avenue
4875f8a9-94f4-4637-a890-01c99888b57a,Kathy,Ford,8-(788)534-8570,Chile,23 Meadow Vale Street
7b8c49bb-44b6-4ad9-ac1b-34a5136fa4c0,Debra,Carpenter,8-(096)092-8843,Peru,0346 Meadow Ridge Court
55914fe4-df68-4c06-bbc5-06ab301b89e2,Kevin,Garcia,6-(855)363-5409,Philippines,6 Delaware Plaza
a3972161-466f-41bd-b7c4-5d3339969033,Janet,Roberts,4-(461)956-7289,Malaysia,553 Redwing Center
54622e17-58e1-4a59-887b-ebdd4b2c15be,Emily,Adams,2-(268)791-7324,South Korea,34 Welch Pass
eb668723-3bbc-41f2-aaca-4e632d892d1e,Johnny,Powell,7-(082)026-5740,South Korea,00578 Kingsford Pass
9e72b0b5-7467-4977-aa47-4378984a1d6a,Jean,Cox,0-(783)017-1223,China,245 Golf Trail
f775e4bd-29d1-47f0-93f6-5bc56bf04f24,Carolyn,Greene,7-(361)604-0635,Poland,51 Texas Drive
46978be1-e4c0-4e6a-a41d-0d801fd089e6,Russell,Turner,5-(923)117-3124,Bosnia and Herzegovina,6 Ridgeview Point
9b4df849-f336-49fa-92d7-9de03deaf70c,Lawrence,Robertson,0-(698)591-6181,China,17395 Trailsway Alley
7f614ffa-aae8-4025-aa0c-66769f0a2078,Jean,Jenkins,6-(261)421-8337,China,9 Kings Circle
58df0165-b060-493a-b500-c8d599e292db,Brian,Watson,0-(226)431-1876,Iraq,15785 Pine View Parkway
b611f32e-60ef-45de-abd5-b496c5f0d5e4,Anthony,Ryan,1-(287)391-6514,Poland,93 Boyd Park
0feed3c8-e3b1-4f71-b6ba-99736939e2ad,Nancy,Mendoza,7-(649)061-6094,Colombia,7 Mandrake Plaza
333141ed-10a8-4873-8396-d93e99ce45f1,Martha,Kennedy,6-(679)416-1820,Canada,594 Kenwood Alley
aec3e3ab-ae53-4f8a-80f6-58ada8af963e,Elizabeth,Adams,1-(659)891-8715,Indonesia,61 Esker Parkway
401cc17a-78c9-4f6b-99f8-e3123bb7fcd4,Catherine,Perkins,3-(527)420-4280,China,49475 Graceland Drive
caf4eca1-4dfc-4cf2-8665-66e1b210ff26,Jonathan,Nelson,8-(958)333-2335,France,6 Merrick Center
ce20244b-62a9-48e2-9477-a47b53e59b66,Thomas,Rogers,7-(366)653-3675,Philippines,78678 Morrow Lane
6ee53a3c-c81a-445a-bceb-e6f95ecd1739,Helen,Armstrong,4-(141)645-3177,Syria,79 Nova Alley
970c8f0c-6e95-42a0-b207-ab4aa06e969a,Eugene,Fowler,7-(754)487-1667,Marshall Islands,29240 Dexter Drive
795d6443-b66c-41b1-9207-3d5dc3b4e5ca,Eugene,Banks,1-(616)030-3780,China,1568 Buell Place
3861a6b3-9697-4d14-9b0b-a954b673e3f6,Pamela,Fields,3-(176)769-2106,China,455 Riverside Hill
86e8b90b-09ed-4388-bc17-6e1d59083565,Janice,Smith,9-(536)812-0733,Ukraine,4 Macpherson Way
89394a09-b378-4784-9fd5-84acafd4d9ee,Dorothy,Peterson,7-(622)317-5571,Philippines,4 Meadow Valley Way
c2c74994-2f3b-4f6b-8e53-346c501b0d3b,Daniel,Hamilton,5-(477)841-2968,Poland,231 Kennedy Terrace
49d661ca-b2fa-4c4b-8f3a-956f54e959c7,Victor,Schmidt,3-(284)755-3862,China,213 Mariners Cove Pass
476ce8ea-16f1-425a-9a9c-1c94389607f6,Andrea,Diaz,8-(912)263-5928,Portugal,73 Myrtle Crossing
6a8f4bfe-2859-4930-bda7-e8ff0f585e1a,Joshua,Bowman,4-(786)941-5821,Portugal,8953 Atwood Road
c28bfb9a-0555-410b-a956-d6c447539354,Laura,Green,2-(859)717-5367,China,98 Mallard Road
993a41c8-0ef4-43e3-84be-594a27746dbe,Debra,Lawson,0-(388)151-7757,China,3392 Valley Edge Circle
be356e1a-fe57-497d-9b36-0a10d4f498f4,Carl,Shaw,3-(160)827-9349,Namibia,39 Loftsgordon Plaza
3cb3930f-da01-4f0b-9c7d-8f8c1f9c2f37,Jimmy,West,9-(073)360-0422,China,47670 Clemons Junction
632c4ca4-3d7b-4dc4-8213-2fabd7995eac,Frank,Sanders,5-(002)137-4945,Japan,0031 Schurz Parkway
1278efd2-3661-456b-9e14-8aebd92ec3be,Jean,Cunningham,1-(296)837-4981,Bulgaria,7 Mandrake Alley
565baf5e-976e-4be6-bbd3-cfc05e13e594,Louis,Sullivan,6-(690)330-4063,Russia,5 Oxford Hill
ffebbfd8-30ab-45f7-9869-245bcad9f0fe,Bobby,Harper,5-(087)460-7771,China,91928 Onsgard Drive
acbaefb6-2803-46f7-a0d1-717491ba1072,Jean,Howard,3-(697)647-9884,United States,2 Express Terrace
e3c36534-48df-40a9-97fb-df0428c9c929,Phillip,Arnold,2-(378)684-4246,Philippines,9 East Point
f656146c-dc99-4dd0-87f9-e67b56990f55,Kimberly,Chapman,1-(857)764-2655,Iran,9398 Rutledge Drive
4a2b5a80-0073-41b0-8c69-092fda51a235,Virginia,Watkins,8-(779)653-7054,Brazil,8 Oak Junction
291bb4f9-27d0-4bc4-aea2-6f5383c4990c,Gregory,Myers,0-(584)462-9015,Brazil,83174 Hansons Court
bc4cc530-3de1-4c69-83f5-85ba010d6df2,Scott,Brooks,7-(043)864-1360,Indonesia,04474 Linden Center
ae84fa15-ea7b-4d2b-890a-9fdb68ef2f78,Jose,Hanson,7-(690)573-1343,Haiti,0 Onsgard Point
3c8e4862-6def-4d1f-a61c-cef0a4cd6183,Deborah,Garrett,4-(979)040-2286,Indonesia,62230 Montana Road
8fbd50ca-b100-40e6-8248-2f092d0d7827,Stephanie,Morales,7-(378)721-0135,Poland,2 Waxwing Terrace
dd5290af-d5e3-4b87-a26d-0b9f5f6f7ec2,Jessica,Mitchell,2-(266)307-8165,China,54 Ramsey Drive
ccae00d5-5c26-4759-9d7c-f919032ad226,Doris,Brooks,1-(911)011-1412,China,00 Lunder Circle
2be58c8b-91a8-4721-a8af-0bce3cc7b6dc,Douglas,Mccoy,8-(988)565-8646,Vietnam,456 John Wall Circle
7223aa79-32b9-4447-b14e-e01b2608cc0c,Arthur,Richards,2-(290)621-9283,Finland,48404 1st Crossing
be0de959-6d32-47d8-8f8b-9e39ae61d5b0,James,Cook,4-(288)586-5304,China,52 Almo Hill
d74a1ae6-2b29-43d1-af7b-d3513684e57b,Tina,Perez,0-(754)212-5575,Indonesia,2238 Southridge Drive
ad018a25-e0c5-4e12-9dd3-11459006ad7b,Kathleen,Carr,5-(274)184-9505,United States,9 Bunker Hill Crossing
0abd6301-ccc1-4c67-a8fe-86af70ca4070,Martin,Garrett,1-(547)632-1925,Argentina,541 Green Trail
b24c4f67-5ea1-4ff1-9e9a-73f54227e7fb,Nicole,Duncan,9-(327)051-5647,China,65019 Jana Crossing
fd3087c9-737e-4f96-80f0-74040189597f,Gerald,Anderson,6-(828)401-9810,Sweden,9199 Larry Road
dbf73c72-0462-40cc-8064-47fd4c8a9a99,Christopher,Black,4-(748)364-4375,Russia,37613 Sunfield Center
4c528dd0-dc27-44b4-b479-bd078effdf95,Louis,Brooks,4-(921)013-7795,Indonesia,6611 Forster Terrace
7f5f489e-52dc-4f6b-b206-03ff5c295299,Judith,Flores,3-(671)609-1807,Yemen,19 Norway Maple Point
181382ee-8bff-4620-bcae-3b04ebcfb3a0,Margaret,Brooks,7-(963)616-5600,Yemen,34 Oak Lane
58210dd8-7a84-4516-a28e-6723073af891,Phillip,Scott,6-(729)520-7508,Iran,2174 Westend Way
7894bd44-35b3-4e7c-9a49-54adcc3377b0,Laura,Lee,4-(371)915-1694,Italy,50126 Arapahoe Plaza
b6053353-3f71-49c2-b9bb-de0a39d30b31,Jerry,Wells,6-(629)383-3194,Finland,0 Monica Park
90a85cae-a893-4094-aceb-e2b5035eb649,Amy,Montgomery,2-(451)346-4738,Japan,3 Portage Way
1926f5b1-c480-4b53-a641-2ed4a4ec1428,Philip,Carroll,0-(212)019-4455,France,9 Del Sol Lane
68015347-c306-4a5f-8222-731736b3dc30,Christine,Romero,9-(680)798-3229,Indonesia,6718 Transport Lane
75032aad-6ad0-481c-ae3d-152c590a90c7,Shirley,Parker,1-(873)411-9227,Canada,11249 Messerschmidt Park
88308984-d399-4c0d-8d0e-c195fe94a988,Bobby,Hunter,7-(434)517-6057,Mayotte,036 Warner Alley
cc93d2a9-cf30-454f-a905-9295e94694fc,Christine,Wagner,6-(538)410-7076,Ukraine,0745 American Place
719d933e-100b-4341-96ea-345039bf9a69,Kelly,Gomez,7-(851)263-9915,China,521 Anderson Center
7965a1e1-2956-4eb4-9a67-8b944ead9501,Karen,Williamson,5-(109)551-0932,Brazil,36 Hayes Park
162db47e-a15f-41b6-8ac1-97d72a8f3b21,Donald,Lawrence,2-(100)692-5551,Indonesia,140 Bobwhite Parkway
79f86310-047a-49da-922e-b26c447592e2,Jeremy,Woods,3-(438)336-7092,Russia,94 Division Circle
85f03f64-4d2d-42d3-88b1-85067d11af41,Kathy,Coleman,1-(995)172-7397,United States,9 Iowa Place
c18aaa73-2982-4498-8359-99a34d6c076a,Robert,Ortiz,1-(502)177-8120,Kazakhstan,91959 Elka Street
d5debd8a-ee35-49dc-a2a4-5105b2291953,Patricia,Hunter,9-(717)108-6470,Spain,07612 Spaight Way
a0f1072e-f7b5-4313-8de0-f8464cfbfbc1,Carol,Harris,6-(269)244-8935,China,298 Coleman Crossing
82169474-286e-43d5-8f71-e1780a40cf2d,Margaret,Thomas,6-(025)854-1948,Mexico,34 Merchant Parkway
46b86a56-0960-46e0-af06-b657e4345258,Juan,Harvey,7-(092)819-6584,Poland,61 Cherokee Plaza
734751a2-1cf3-4e8f-836d-2269523e893b,Bonnie,Gomez,7-(801)328-0388,Indonesia,06 Lighthouse Bay Junction
50b42bbf-3e93-49c4-85c1-d558bde8a88c,John,Castillo,5-(730)277-1973,Argentina,0953 2nd Parkway
10998357-cd18-4eef-8d0d-5e532c188ef7,Louis,Sims,5-(732)782-7003,Greece,6 Schurz Road
b2ce10c6-2148-471c-a3ef-64fe4d48b54f,Anthony,Mendoza,5-(733)205-9964,Thailand,4 Scoville Court
20928247-2a25-4dba-973e-10495764f06d,Diana,Nichols,0-(467)976-5860,Serbia,099 New Castle Circle
3d85ed56-7ff3-4bc5-9f9e-a894459ad2ea,Randy,Lawrence,0-(419)742-7224,Indonesia,1 Westend Park
c4a819f1-c1b4-41f1-bb99-62355e2ab40f,Andrew,Carter,0-(969)911-8332,Syria,5 Spenser Drive
dd40cdc9-a256-4ca6-8c1b-a185ced2e4b5,Russell,Hunt,2-(710)687-4845,Egypt,1804 Judy Lane
104a6227-69f6-444a-93c9-6f60333796cf,Stephen,Lynch,8-(108)112-1097,France,78192 Johnson Terrace
2bf2f323-288a-4186-aafe-6e1de20d52df,Melissa,Kelley,7-(509)431-6190,Sweden,65 Pawling Crossing
9a4f5c31-9b65-4c4c-b337-528d2e22220e,Daniel,Little,5-(906)471-6049,Russia,04 Dixon Junction
3685a520-0b60-45a8-9389-0e5f99861b8f,Jose,Wagner,8-(639)815-9963,Greece,65 Old Shore Drive
d8c400cb-dbac-4ef2-8289-a3a955d1f449,Laura,Butler,7-(766)303-1597,Portugal,66456 Green Ridge Lane
a2cce2c1-b0a3-4351-875b-17dce519ea93,Eugene,Lewis,5-(401)798-5728,China,31 Hovde Terrace
f4d7ee38-ce71-4176-8e00-6721f1652aab,Carl,Clark,2-(343)695-8422,Indonesia,3 Susan Court
2784bda7-e4f0-4ec7-a638-b868ca2a77f0,Donald,Matthews,7-(628)930-6349,China,5 Fuller Park
96543c57-00e2-4ab4-8154-f720f1f1e071,Rebecca,Montgomery,2-(967)914-8698,Belarus,7 Sauthoff Parkway
6d6e9c14-a96d-4ec5-a5aa-60e983b93d59,Rachel,Jacobs,3-(913)019-0707,Mongolia,885 Vahlen Parkway
f49fd315-4b49-4543-bf4d-d85f7b3f3f3a,Judith,Davis,2-(660)093-1900,Slovenia,6826 Gina Trail
9d24755e-c72a-4867-9894-f92ed296ed14,Billy,Welch,8-(281)236-7384,Peru,3 Lukken Circle
f7df0077-3af8-4319-98b1-0128085c5fca,Walter,Fowler,8-(361)234-9022,China,22825 Eastwood Drive
f8996adc-401d-4477-ad01-b3f05dea7741,William,Olson,0-(977)948-8446,Peru,0 Bunting Street
10830107-74ec-4e8f-a328-d6ea80433b4a,Christina,Matthews,7-(595)702-9270,Colombia,661 Kipling Way
d60363ed-e70e-45d5-8cb3-48bdd2ed54dc,Anthony,Palmer,3-(804)467-9882,Indonesia,784 Carpenter Street
d5044f9f-4ce4-4dce-bf47-324e328964aa,Brian,Gordon,5-(060)771-1660,Indonesia,19 Vermont Drive
54421aab-46a2-41f8-a997-895a914b8fd0,Howard,Carter,8-(623)962-0513,Sweden,7 Meadow Ridge Park
5f827298-a35d-47e7-9eeb-6675231b2eec,Sara,Roberts,9-(837)031-4521,Dominican Republic,913 Wayridge Parkway
2f7d0eb4-9d57-48ab-9015-78104f844da4,Timothy,Gutierrez,4-(283)889-8948,Indonesia,353 Namekagon Park
9897a061-5721-4de8-93c5-5b14ea6ea9c3,Helen,Anderson,1-(097)636-8606,France,908 Fordem Circle
e1b6f343-8c74-40c0-a881-7f80741ed07d,Dennis,Perry,5-(711)731-6575,Slovenia,32 Pawling Avenue
843815c6-0f07-4ddc-8e56-31ce257b41ac,Tina,Long,6-(733)956-3398,Philippines,3345 Hansons Way
c931b63c-650d-42e4-800e-bcbcad8b5bba,Juan,Edwards,3-(250)467-4436,Indonesia,8720 Spohn Point
f73cf588-1701-4c5b-af12-8a115e00874d,Brian,Cox,7-(574)352-4834,China,6890 Randy Court
371e3e62-2cad-41b3-9f61-242a09ec6b9a,Patrick,Hill,4-(753)122-9170,Honduras,70566 Prairie Rose Parkway
54f2f724-0a14-4e3c-8f92-48ca6d6b0781,Henry,Butler,4-(351)224-3051,Nigeria,6 Mendota Crossing
3c06ccd2-11d1-4266-bef3-7320ca1235bb,Beverly,Ferguson,1-(587)527-3593,Uruguay,40 Melrose Junction
8abf7f93-2bd2-4b07-9514-43b20a4a7719,Stephanie,Hall,1-(779)914-9604,Armenia,26 Garrison Court
232372b1-3084-4033-8f07-0edac81aa5ad,Denise,Boyd,8-(314)228-8278,Yemen,826 Golf Park
9d3d5eca-f9f6-44dc-ac98-eb5057c4b3e1,Anna,Scott,6-(175)357-0461,China,206 Alpine Trail
b53bb586-53f4-4df2-a43b-9513cc476345,Andrea,Harvey,4-(358)818-0210,Philippines,014 Spenser Alley
3a95f254-6ed2-4c33-95cc-7c159a8e36f1,Amy,Richards,0-(139)459-3902,Honduras,959 Doe Crossing Place
773736fe-a029-4b98-b8e3-7492d4db40b3,Gloria,James,1-(258)766-1184,Indonesia,276 Bowman Drive
c42d54c5-70ee-44d7-afba-d84fa1f4c7f1,Raymond,Clark,9-(260)756-6449,Ukraine,811 Mandrake Terrace
cebd1d1c-1e91-4dd0-a476-3737d2288a31,Gary,Rice,6-(803)769-9078,Luxembourg,06019 Petterle Center
0cca74ee-a335-4d3f-8808-ff33da5fc16b,Eric,Freeman,7-(334)391-5073,Poland,088 Fair Oaks Way
3c6bdeaa-ea72-446c-98a3-ae0b69f07e3f,Johnny,Medina,2-(119)717-7956,Dominican Republic,64 Ryan Park
6e60daa8-6e10-4891-8a97-95756d006e11,Thomas,Palmer,9-(533)746-8157,China,7428 Loomis Point
9107e9a8-ac51-415f-a697-50231f2867ca,Fred,Green,2-(613)655-8806,Latvia,79 Anthes Trail
8d563935-2694-4892-85b1-f1c9954dc767,Christine,Banks,1-(697)034-1303,Germany,61 Huxley Way
bf1ae384-cae9-4ffe-b66e-0032c32852a3,Howard,Wood,8-(939)965-4194,United States,9260 Knutson Pass
54bf5481-b9c5-4f70-8fef-45a94e7b0edc,Amanda,Ruiz,6-(665)022-1260,United States,49493 Bunting Way
5b4b4bc0-527b-456e-a80c-e96a9d67a03f,Ruth,Olson,3-(579)739-3030,Kenya,77 Bonner Road
5d85f04d-f609-4b57-bc9c-b340b1ae0e66,Anne,Hanson,7-(346)622-6060,China,8962 Erie Pass
b63b2004-4f1f-4ce7-a035-77592dead698,Joseph,Bell,4-(298)401-6282,Canada,571 Cascade Alley
60b7de8f-051f-4ac2-8f3e-b45d089b84b0,Kathleen,Castillo,6-(043)003-6727,Ukraine,44706 Duke Crossing
7e7b4fe2-39db-45b1-9286-ec5f74878cfe,Frank,Gordon,0-(704)343-9571,Argentina,4059 Evergreen Road
67715026-233c-455d-a93d-be8ee3cdfeac,Cynthia,Fowler,4-(372)326-3974,Burkina Faso,03 Warbler Lane
2abf8b43-f2c2-4709-8b87-85847c36beb2,Robin,Williams,1-(846)538-1666,Sweden,295 Hanover Terrace
b30235b7-701c-484a-aab1-100058996aea,Benjamin,Woods,2-(471)055-9326,Russia,17232 Graceland Plaza
592e9268-f3e9-491b-9d68-63a745bccc02,John,Black,6-(902)362-5723,Brazil,88 Independence Trail
4668b72b-d84c-4252-a424-b57cc65f35b9,Richard,Hart,1-(768)944-1389,Peru,2793 Coolidge Place
1efe0e87-1615-49eb-a0a0-a6b3bfdfa264,Steve,Jacobs,0-(539)219-8247,Japan,264 Pierstorff Junction
18df14a4-5d26-46c9-ac34-c7f36c3e92d4,Ruby,Dixon,3-(874)276-0511,Peru,2 Victoria Street
41914798-ce52-4064-8e0c-b055a12cde2d,Shirley,Powell,8-(454)928-9545,Brazil,861 Schlimgen Plaza
c40cdc16-6904-4193-9a95-782eb24729e0,Bonnie,Larson,8-(300)635-8026,Portugal,93 High Crossing Drive
dda72460-f99d-4917-9764-7c17d4eec86d,Mary,Riley,4-(461)926-2315,Poland,4681 Clyde Gallagher Point
9c21938d-11f4-4255-81e9-15bd02c7b0d6,Frances,Meyer,4-(893)733-9383,Nigeria,10 Coleman Street
7f5219a8-7dec-458c-b16d-669dfd9eb09a,Chris,Henderson,0-(903)894-3056,Qatar,23 Everett Center
b76d779f-11fe-4cdf-891d-c7f42ba2c92f,Harry,Richards,3-(353)965-2592,Vietnam,042 Crownhardt Street
3e5a0910-fa35-4d74-88da-64090ed201f8,Paula,Nichols,4-(932)936-5379,Indonesia,83 Spaight Way
d3165f8c-43e8-4469-8dc4-b80f435f2322,Joseph,Cook,1-(135)187-0721,Sweden,71 Holy Cross Parkway
069d8cd5-d144-4903-aa5a-6a6a22105b0a,Ronald,Barnes,4-(684)707-5678,Kazakhstan,5580 Marquette Alley
764298e0-9459-40c3-acdf-3c3111a9ded6,Melissa,Reed,1-(638)961-2488,China,8 Mockingbird Street
a629d35e-cfaa-4f05-8ae5-042089261075,Jessica,James,8-(596)005-3984,United States,11852 Alpine Point
3ec24c42-da1e-480a-ac16-78161c21a993,Steven,Fernandez,5-(245)209-0963,Portugal,3 Vidon Place
95ff3319-9b51-4502-ae44-9c0c1d3c242a,Susan,Rice,7-(385)177-5308,Ethiopia,029 Forster Plaza
5b75d4ae-f929-45ef-b3b0-db844adc5d8d,Johnny,Jackson,2-(663)575-2530,Indonesia,84 Clove Center
794acf84-f763-40b2-96f6-bdfbae32f103,Andrew,Morgan,9-(898)777-9816,Sierra Leone,7454 Maple Place
3f1cd81f-3ae2-4e4f-a89c-c5e7d3920057,Debra,Medina,0-(658)844-1041,Norway,3811 Carioca Hill
01bdd064-400e-44a6-b6a5-b62808d4b702,Carol,Cook,8-(281)726-5379,Finland,4 Paget Terrace
81946751-caf3-4d3e-8eef-80d0d8462b4c,Fred,Campbell,2-(217)690-5134,Indonesia,681 Paget Park
dafdf10f-e01a-4cd4-a3f5-bd9d1d186d3f,Lisa,Montgomery,7-(215)878-1138,Tunisia,49 Marquette Terrace
c524c2b0-2cd8-4062-a45d-85ae8b2e4bd1,Henry,Morris,8-(931)385-0120,China,21930 Michigan Junction
6c432bbd-9a20-462a-9f01-4f9436bc37a7,Gloria,Collins,2-(593)152-4996,Philippines,65 Badeau Road
ce42f761-b506-44ab-b566-fbb0055c9c1c,Robert,Bryant,4-(250)412-1025,Cambodia,763 Aberg Hill
f42a3dbe-62b9-4fb6-9308-a29b3aadbe0b,Tina,Martin,8-(985)991-1123,China,0057 Main Place
8edf8bb3-4f1b-46e2-8a22-b214ef7d5339,Debra,Lawrence,5-(862)405-8956,Uzbekistan,17 Kenwood Center
16c482eb-ad2b-4f55-a801-cfe0c8350c25,Steve,Matthews,6-(684)863-6349,Russia,64785 Blue Bill Park Alley
5bf33eb7-f969-4d32-b3e7-6e8719951ba7,Jeremy,Stewart,1-(932)278-9842,Portugal,20 Oneill Hill
916f8fb1-50ae-407b-838d-856c5d003ff7,Carolyn,Hernandez,5-(365)193-0159,Bulgaria,38 Texas Junction
faa218d1-767d-419c-a240-75effae696fd,Steven,Wheeler,8-(549)803-5920,Equatorial Guinea,75850 Ramsey Point
7e61afea-e208-4332-b629-4780398f4664,Jane,Smith,6-(318)062-2800,Ukraine,7646 Prentice Parkway
0dd0505e-4e4a-4644-bcf0-30adc5290782,Bruce,Jenkins,8-(223)236-4419,Philippines,80 Myrtle Parkway
678cc186-896a-4437-857a-173d8df6d16e,Steven,Watson,8-(127)652-3875,El Salvador,7512 Beilfuss Circle
4465ed8a-2231-48ef-85e8-dc23643c0ede,Timothy,Sanders,8-(678)385-5859,Philippines,1 Veith Trail
a036356f-be4b-47e9-8e9b-dfdc26c5e7b4,Mildred,Kennedy,4-(775)263-2386,Indonesia,189 Superior Terrace
31ec71c9-b039-4d04-b65c-ce10db9ffdf8,Kelly,Berry,4-(588)608-2729,South Africa,5450 Moose Street
e159bcc6-145a-4068-ab25-092ce2643357,Elizabeth,Rice,3-(510)554-9963,Malawi,3226 Hooker Court
5f0227c4-8113-4eba-97b9-c59db891eae4,Raymond,Brown,1-(124)717-7925,China,49 Kropf Place
b81f469f-7203-4774-bf37-d5cd2fee2f52,Kelly,Mitchell,5-(427)290-6860,Mexico,361 Farwell Hill
5b339d75-8f8a-40ad-919c-a6512fc7caa2,Jack,Smith,7-(915)922-3740,Cameroon,625 6th Terrace
d18a14c0-8689-4dcd-a239-75d4fe392099,Janice,Kelley,4-(758)602-9186,Sweden,0 Muir Drive
7016895b-991e-4df6-a57c-b2f619f88700,Eugene,Bell,4-(222)823-9935,Ecuador,28101 Milwaukee Pass
e04ec5b6-30dd-400e-b2fc-676174f5d83f,Richard,Lopez,5-(905)347-8279,Mongolia,09 Northport Point
82fe0fc5-fb09-408d-9212-d5cb8cd69852,Andrew,Carter,4-(149)977-6031,United States,731 Union Lane
494852d1-6306-4c3a-8d42-54083c5220ba,Barbara,Weaver,7-(876)190-1047,Egypt,4 Kingsford Drive
20134965-6b2a-438a-a0b1-644053da83cd,Jeffrey,Nichols,1-(707)234-5346,Spain,5374 Cherokee Point
e5bbe121-4e81-475e-8680-491595a52e6c,Sara,Hunter,6-(760)950-3134,Philippines,99 Loomis Place
c295dc10-f7a2-4593-a90f-3946f0563a6f,Steve,Chavez,1-(873)896-8659,Indonesia,3 Merry Pass
aef21c1e-8cdb-45f2-9540-3db4a4e899cd,Martha,Campbell,7-(569)435-3393,Iraq,2 Fieldstone Road
e24372bd-3071-4325-8299-09a47b3ae373,Lawrence,Hunt,7-(314)412-8974,China,55 Shelley Way
31cba867-0ecd-47b0-b7be-640fbb7100c5,Diana,Woods,3-(905)530-9014,Serbia,33 Granby Terrace
0b162c56-577a-4071-bc49-e4fe1f2f1354,Jeffrey,Burton,0-(629)585-4615,France,3996 Sage Lane
f03b2b32-cd79-4080-82e2-f06477db24ef,Norma,Burns,9-(387)203-9765,Mexico,7860 Monterey Point
c4dad51f-beb1-4cdf-a797-e835794cd853,Anthony,Smith,1-(582)469-3739,Canada,14393 Helena Center
d38eae43-05da-4c69-8ec2-ead95c31145e,Nicole,Boyd,3-(111)916-1166,Russia,6 Killdeer Drive
4a07c066-e4fc-4f90-b8bb-c5aabc7f5ea5,Roger,Harris,9-(352)503-4612,China,76217 Continental Road
aa2c99de-9e81-4cf3-8a87-0ef3880e6829,Martin,Franklin,0-(238)454-6338,China,5 Shoshone Avenue
00a40a21-aaca-4f89-b7bf-a0f63e43687d,Ryan,Washington,9-(454)771-5395,Cuba,47652 Westerfield Circle
ed29bba2-dd1c-4065-853e-a3e6318298e4,Sharon,Scott,5-(946)974-4999,Greece,3234 Mallory Avenue
72322404-5fbf-4201-a17f-2e0d1e05ab2c,Joan,Baker,0-(962)912-4148,Thailand,03 Cherokee Avenue
b0d1b072-c8c1-4536-b280-7fcac8276f4d,Lawrence,Price,0-(267)338-8003,Mongolia,9376 Grayhawk Park
513d9e69-c16e-4d4b-b18f-82a698f21e2d,Wanda,Rogers,5-(850)152-2026,Philippines,03002 Gerald Plaza
fb1c3263-c7df-4077-9dc9-03b4f8ea1ffc,Kathy,Warren,5-(349)071-2749,South Korea,82659 Northland Court
7c87dd64-e2a4-400e-9c10-475e08fba91f,Arthur,Mccoy,9-(478)639-8903,Sweden,21373 Stephen Circle
c9bda1e4-e7aa-4695-8152-f118b52c69d4,Christopher,Turner,2-(515)661-8168,Indonesia,3 Sage Place
125afb22-97b2-4972-9af2-8eb21387f51a,Jeffrey,Wells,6-(130)345-5834,China,048 Schlimgen Street
ca4ada62-3acd-475c-ab8c-3137d15934ef,Edward,Reyes,0-(379)283-8543,Norway,3362 Mcbride Terrace
67ab6784-c065-4ec9-9491-9c84b07e63d7,Lois,Gordon,5-(402)416-0161,China,0 Aberg Pass
dcb5b6af-0f93-4add-a421-31d4dc380816,Laura,Mason,3-(144)064-7448,Ukraine,83098 Dayton Street
43739f2f-ca44-4f6d-840d-0eeef16106e9,Chris,Gibson,0-(908)749-2032,Brazil,529 Paget Way
be9a43ce-128e-4ee8-83ee-b00092d582d5,Fred,Robinson,5-(306)857-5406,China,5 Dennis Crossing
108d603a-16dc-41d1-84b6-749a4c2f297b,Ralph,Wallace,5-(382)722-4107,Thailand,8 Longview Junction
c2bfa34f-67b3-4b16-b462-12644f497357,Thomas,Gonzales,5-(997)453-0902,Guinea,6 Hoard Park
3f74938a-044c-488e-a81b-f57acfd4bbcd,Rose,Peters,7-(228)064-9730,Russia,1 Corscot Circle
175256b1-6177-4703-ad11-b9bbbcb25daa,Alice,Berry,3-(073)267-5825,China,7 Hazelcrest Street
54036b79-0721-4231-905e-f59f11b65cdc,Nicole,Cunningham,3-(733)444-0481,China,2 Messerschmidt Parkway
95dbea2d-e953-4d07-94f4-63a9fbffa3ac,Kenneth,Holmes,6-(710)039-3701,Brazil,72823 Banding Terrace
fcef3c18-9d4f-4838-ad24-da0d6fe05c4b,Maria,Tucker,7-(089)884-8785,Indonesia,6349 Cascade Trail
c7125313-73af-481a-9077-e751e7ad7afa,Martin,Vasquez,4-(386)384-7049,France,9 North Alley
ea1ff3f4-a336-4464-a46a-b7f3dbdc9d78,Steve,Chavez,1-(368)367-1856,Belarus,79958 Glendale Crossing
7c0f43d2-a830-4587-bb40-9ffa71e53b10,Jerry,Ramirez,0-(486)261-3004,Indonesia,0459 Macpherson Hill
ca0ac5f1-4ce4-41ca-88bf-11a586c7c446,Ryan,Barnes,9-(561)863-7328,Costa Rica,42968 Golf Course Avenue
1eb52d54-5c1d-484b-8ade-2504f04f3254,Terry,Scott,5-(840)500-9978,Mexico,01 Sunfield Point
da5802f4-0195-49ad-afb7-c98be0edd51f,Daniel,Little,1-(720)229-8948,China,9402 Warbler Parkway
9da55bc6-13d1-4c12-afa0-c3fdb361c18c,Mark,Lawrence,1-(185)979-1824,United States,9 5th Alley
58db9ab8-957a-48ae-a668-0c37e0849643,Catherine,King,7-(186)252-6580,Indonesia,9001 Bonner Court
dec5005b-b896-47db-8cae-cd56274bde2d,Billy,Howell,9-(509)680-1063,Indonesia,4446 Lukken Trail
